timestamp,temp_mean,temp_err,hum_mean,hum_err,press_mean,press_err,alt_mean,alt_err,voc_mean,voc_err
1776294977.5733593,28.19103515625,0.00146484375,45.27692133569903,0.04945610306560866,1007.3511695666273,0.00119944178914011,49.22795671567883,0.010033495341527754,173255.0,178.0
1776294979.6467025,28.080390625,0.012109375000001421,48.834230355194975,0.058111793921074906,1007.3483396143988,0.004363474908984699,49.25162974093915,0.0365011500811967,113485.0,9511.0
1776294981.6819873,28.073359375,0.0048828125,48.69513538051227,0.019463654608653513,1007.3423677497284,0.00014585975668524043,49.301585378890024,0.001220145533242345,137837.5,3375.5
1776294983.7204843,28.100214843750003,0.007714843749999645,49.0191752995974,0.17082614137165564,1007.3677679372798,0.0008526002088729001,49.089109988768406,0.007132022720583109,147134.0,1283.0
1776294985.7811105,28.129609375,0.006054687499998934,49.871053850098754,0.22514032376036397,1007.3590505271188,0.0009284429913236636,49.16203160537361,0.007766503971996741,150880.5,1146.5
1776294987.8103864,28.15119140625,0.004980468749998579,50.32934281531822,0.022832385944056455,1007.3608694232546,0.001767185486244216,49.14681640443151,0.014782634109216986,155032.5,640.5
1776294989.8728504,28.17111328125,0.004199218750001066,50.51581639643638,0.06714897080779991,1007.3591298336205,0.001246545979313396,49.161368202143976,0.010427461643583769,157864.5,1033.5
1776294991.9076853,28.187421875,0.003710937500001066,50.48309757007316,0.06926138916538349,1007.3515813850335,0.0002548668721829017,49.224511794088144,0.0021319956906431514,160256.5,152.5
1776294993.9623618,28.19943359375,0.002636718749998934,50.1204691943737,0.14837944234281153,1007.345121691809,0.001093052806538708,49.278548141519195,0.009143581335610662,162339.5,546.5
1776294996.0089371,28.2102734375,0.0005859374999985789,49.663593582550064,0.10724679251153901,1007.3385547151172,5.3203033814952505e-05,49.33348221171937,0.0004450551990942131,165369.0,1215.0
1776294998.040034,28.21134765625,9.765625000035527e-05,48.854486134885725,0.28596231026118346,1007.3331736134588,0.001045365078539362,49.37849642377303,0.008744748982422834,170026.5,428.5
1776295000.1086462,28.21505859375,9.765625000035527e-05,47.83016072306765,0.224972953897975,1007.3338066330166,0.0010453695606429392,49.373201052961136,0.008744782028632159,173086.0,1243.0
1776295002.1031206,28.21818359375,9.765625000035527e-05,46.96393347244641,0.19903153086234937,1007.3334979831749,0.004599122219815399,49.375783055080454,0.038472835661202964,174781.5,452.5
1776295004.1795936,28.2196484375,0.0005859375000003553,46.16054522160259,0.20733153367767443,1007.3322982620982,0.0017237050466860637,49.385818972968195,0.014419248233078719,176240.0,92.0
1776295006.2295437,28.221796875,0.0011718750000007105,45.379343724056966,0.18476615107577743,1007.3224242019412,0.00522433341808437,49.468418505124646,0.0437032765226526,178008.0,563.0
1776295008.2650714,28.2223828125,0.0015625000000003553,44.708843537139416,0.15368554394649792,1007.3269195739759,0.0028197119346486943,49.43081323452448,0.02358773746735565,179712.0,0.0
1776295010.2810717,28.208515625,0.0017578124999992895,43.99952999931924,0.19281738140977467,1007.3312876990947,0.0007288211370450881,49.39427259478268,0.0060967863650702725,183127.0,497.0
1776295012.3106828,28.20119140625,0.00341796875,43.312127505684046,0.1587399612895446,1007.3417277377525,0.0010508482050113344,49.30693920988688,0.008790556310824371,184228.5,804.5
1776295014.3739133,28.19572265625,0.00146484375,42.773336219137036,0.09426451558287496,1007.3409347474462,0.0011995041201657841,49.31357273632213,0.010034099295499033,185241.5,1016.5
1776295016.4083633,28.18419921875,0.0041992187499992895,42.42331229279215,0.10346951155305462,1007.338406694078,0.0014182203199766263,49.33472044742734,0.011863729511148335,186255.5,202.5
1776295018.459373,28.17189453125,0.00244140625,41.97421751192903,0.10902892118652119,1007.3399528563318,0.0003701551005406145,49.32178645681714,0.0030964261850208175,186671.0,735.0
1776295020.4889166,28.158125,0.005859375,41.559311666400674,0.10612970326117832,1007.3400323174969,0.00035498014511858855,49.32112174724716,0.0029694842626106777,188900.5,322.5
1776295022.5685034,28.14875,0.0011718750000007105,41.21206748103199,0.06628484505147725,1007.3409554958944,0.0009950666573672606,49.31339916976516,0.008323937627668698,188738.5,53.5
1776295024.5862534,28.14748046875,0.0006835937500007105,41.0285917416277,0.02710930681804058,1007.3362501172496,0.0010986517472133528,49.352760706858646,0.009190483008072903,189656.0,217.0
1776295026.627135,28.151875,0.0011718750000007105,40.97202425068798,0.00587363242544825,1007.3388711501982,0.000995051152870019,49.330835165608306,0.008323821873663206,188206.0,694.0
1776295028.6558528,28.15548828125,0.00048828125,40.94841069302689,0.00605917902331754,1007.3437899435019,0.0027686566952525027,49.28968848093209,0.0231603309836359,189547.0,0.0
1776295030.675926,28.1575390625,0.0,40.94263654041525,0.0060041904163306015,1007.3559694394206,0.0017767093197562644,49.187805203603006,0.014862360197486879,189118.5,754.5
1776295032.6991994,28.15763671875,0.0010742187500003553,40.98468219324145,0.006126359761651656,1007.3436894264028,0.0017264435561514802,49.2905293095458,0.01444202435230224,188417.5,53.5
1776295034.7743664,28.160078125,0.003124999999998934,41.063054461070166,0.041708561203559924,1007.3547200036949,0.00030772766950804,49.19825685972218,0.0025741768834457446,189169.0,162.0
1776295036.8104699,28.1534375,0.0021484375000007105,41.179510757362486,0.020802396023590575,1007.3520425262195,0.0007878872102082823,49.22065428857819,0.006590780127258,188476.5,1070.5
1776295038.8911693,28.14845703125,0.0022460937499992895,41.15790518080935,0.006265006093254755,1007.345814687842,0.0009448599727193141,49.272751106919856,0.007903917494484602,190039.5,816.5
1776295040.907354,28.144648437500003,0.0015625000000003553,41.12741929979754,0.00017595490845678796,1007.3485769414192,0.003707113549978658,49.24964444567348,0.031010578740858108,190199.0,109.0
1776295042.9424922,28.14005859375,0.0002929687500010658,41.072816576581545,0.024002053500662868,1007.3563018008699,0.00047086451394307005,49.18502495565201,0.003938830095670198,191462.0,387.0
1776295045.0020053,28.14435546875,0.0008789062500014211,41.01922815795207,0.011914931288867336,1007.3534361149032,0.0005242454281528808,49.20899674133857,0.0043853770349180365,190582.0,274.0
1776295047.0415728,28.14435546875,0.0006835937500007105,40.96817810893556,0.015089231573096384,1007.3543244525532,0.0010986757934006164,49.20156569418382,0.0091905506360348,191020.5,164.5
1776295049.1041028,28.14328125,0.00019531249999893419,40.88701037910258,0.017984232453724047,1007.3552629665872,0.0023510971122959745,49.1937149327548,0.019667185618686744,192076.0,1001.0
1776295051.1448736,28.1415234375,0.0015625000000003553,40.7758146433684,0.027165683948901176,1007.3586561077741,0.004595383331832181,49.165331025096194,0.03844078154516595,192964.5,112.5
1776295053.1787157,28.13888671875,9.765625000035527e-05,40.613662009153586,0.056935552881025586,1007.353530014331,0.0010452836179979386,49.20821126393561,0.00874392447103034,194211.0,909.0
1776295055.2475338,28.13859375,0.00039062499999964473,40.42797477116072,0.03894791567813627,1007.3370692421224,0.0032927927960599845,49.34590856725049,0.02754497627967467,196159.0,232.0
1776295057.2922325,28.1286328125,0.004492187500000355,40.35506039109487,0.03240595897782228,1007.3183951897545,0.0036664981851686207,49.50212253231144,0.030671569014472766,194322.0,569.0
1776295059.358805,28.1200390625,0.0015625000000003553,40.53369024166835,0.0686994892567867,1007.3143548371938,0.0019302742092008884,49.53592154914274,0.016147486762658758,191793.5,55.5
1776295061.3911674,28.11818359375,0.00029296874999928946,40.88723095408965,0.10499898576139088,1007.3158142529479,0.0004708584550598971,49.523712969978945,0.0039389075988616185,191297.5,551.5
1776295063.4786665,28.112421875,0.0029296875,41.22901683896962,0.0628181922322284,1007.3083306308743,0.004708583479157369,49.58631653787582,0.03938930397027107,192126.5,55.5
1776295065.4933703,28.110078125,0.0,41.623219076978174,0.16879519492828976,1007.3143349328634,0.0008882882897864874,49.53608804665576,0.007430873584024056,187728.0,850.0
1776295067.584342,28.11056640625,0.00048828125,42.28466612286289,0.14228438657729825,1007.3097899673116,0.00365667726191532,49.57410854530745,0.030589625067658943,187830.5,212.5
1776295069.600708,28.10392578125,0.00830078125,42.76569226129019,0.07186978473634298,1007.3026700709011,0.0035362572209578502,49.63366960545335,0.029582430682811633,187423.5,1799.5
1776295071.6354327,28.08478515625,0.001855468750001421,42.675490979978505,0.07604119088982131,1007.3305321619399,0.005012014467752124,49.40059295246512,0.04192688504828368,190418.5,437.5
1776295073.720123,28.080097656249997,0.0008789062499996447,42.40521185718097,0.03643935084437544,1007.338098233912,0.0021403172785880997,49.33730079452196,0.017904236177500366,190144.5,163.5
1776295075.7428246,28.065937499999997,0.005468750000000355,42.18270141565331,0.10042323157441402,1007.3402088645379,9.213852717948612e-05,49.319644893485034,0.0007707582294251836,193077.0,0.0
1776295077.7710047,28.05001953125,0.002636718749998934,41.85155527468111,0.03651752952336551,1007.2782072286534,0.05308919256623312,49.83832406590261,0.44412443584418426,193302.0,225.0
1776295079.833132,28.0376171875,0.0031250000000007105,41.63300213037251,0.07872036472649313,1007.1312626459135,0.02100937749833065,51.067672397468435,0.17577739991409658,196217.5,406.5
1776295081.8699229,28.02775390625,0.001660156249998934,41.396946451133076,0.05436300215021461,1007.0745559195075,0.011549542588511486,51.54212559757255,0.09663499674178411,196043.0,116.0
1776295083.941513,28.01544921875,0.002832031250001421,41.19102885857515,0.0664499031136323,1007.0405719561556,0.0007779312865068277,51.82647278021446,0.006509127168687456,197856.0,413.0
1776295085.9668338,28.007929687500003,0.0015625000000003553,41.012914989225145,0.002827300898026408,1007.0444748916603,0.0010416467818004094,51.793816088222954,0.008715667061427013,197150.0,293.0
1776295087.9895318,27.999921875,0.0015625000000003553,41.08409505991982,0.0028283212054169837,1007.0422640408714,0.006063450162741901,51.81231485564028,0.050734191030098685,197208.5,234.5
1776295090.0670435,27.994160156249997,0.0018554687499996447,41.044401468439375,0.006214766042436537,1007.0321168448786,0.00031736228328327343,51.89721884897242,0.002655460115256858,197856.0,531.0
1776295092.0965874,27.9878125,0.0011718750000007105,41.097755736425896,0.02390132605550477,1007.0361260079344,0.004333569087009437,51.86367316300763,0.03626008312801332,195014.0,1261.0
1776295094.1492066,27.98361328125,0.0008789062499996447,41.232524049988086,0.026959949013505735,1007.0373707869646,0.0014124221033853246,51.853257726608405,0.011818085875777484,194548.5,114.5
1776295096.1795998,27.98048828125,0.0006835937500007105,41.30133452215162,0.005938429310258897,1007.0296845351639,0.0015657598539746687,51.91757070110576,0.013101181813080842,194037.0,397.0
1776295098.2097948,27.9786328125,0.0009765625,41.286086852597336,0.0031176822556204797,1007.0302551668643,0.000681257001360791,51.9127960491123,0.005700278827045935,194207.0,341.0
1776295100.243495,27.9755078125,0.0005859375000003553,41.315817885228455,0.045054282833532966,1007.0225689429246,0.0008345796753133072,51.97710915768439,0.006983218143680858,193020.5,168.5
1776295102.2874177,27.976191406250003,0.0010742187500003553,41.55973169177285,0.06639563525338943,1007.0227793843376,0.004490387288853981,51.97534838689368,0.03757262441585851,191683.5,498.5
1776295104.3326392,27.976875,0.00019531250000071054,41.76778922190633,0.039232952845125624,1007.0203255548786,0.008306740630700915,51.99588061170766,0.06950551067103206,189819.0,380.0
1776295106.3600278,27.97677734375,0.0002929687500010658,41.8733758527524,0.02411148698278609,1007.0112876557853,0.008463667329010605,52.071504273970255,0.07081908789562164,191962.0,666.0
1776295108.4396749,27.97453125,0.0009765625,41.95462961058941,0.03310367369773459,1007.0059019967089,0.004647325946791625,52.11656829289835,0.03888631217754579,191308.0,1544.0
1776295110.4322362,27.972675781249997,0.0008789062499996447,42.21732733498362,0.04223922304190708,1007.0109131050292,0.0031885858969076253,52.0746380924238,0.02668025621936465,190746.0,329.0
1776295112.4712358,27.9719921875,0.0,42.392749531767286,0.04238433718200696,1007.0098145662186,0.005328539097149587,52.083830099893405,0.044586195436874476,191021.0,275.0
1776295114.5334616,27.97296875,0.0005859374999985789,42.51400044234755,0.02430477819051191,1007.0273695557012,0.006270168117339381,51.93694096988981,0.05246447289516709,190916.5,1043.5
1776295116.5521975,27.976191406250003,0.0010742187500003553,42.69929141038736,0.057751164517146236,1007.0378770269826,4.9882286191405e-05,51.849021885040294,0.00041737728547985853,190363.5,382.5
1776295118.5938346,27.981171875,0.0007812500000010658,42.924457157467856,0.04564662176237988,1007.0290068713487,0.0049612413674822164,51.92324099337647,0.04151221557587448,189982.0,326.0
1776295120.6426895,27.98517578125,0.0006835937500007105,43.09508179512685,0.033521170919840415,1007.0194552613036,0.0015657958817314466,52.00316245227292,0.01310159102844821,189927.0,54.0
1776295122.6825597,27.989375,0.0011718750000007105,43.18679784189645,0.0031788547323579053,1007.0173222293024,0.0007811634461631911,52.02101032600946,0.0065362935686259505,191351.5,386.5
1776295124.7583392,27.99298828125,0.0006835937500007105,43.178095684576135,0.01208663278764277,1007.0169118713479,0.0010985152868556725,52.02444395066675,0.009191700926596269,191794.0,388.0
1776295126.7531857,27.99865234375,0.0012695312499992895,43.105774696567465,0.024174717190771133,1007.0153563432673,0.0020400822062924817,52.037459671918356,0.017070175707342372,191907.5,832.5
1776295128.8618047,28.00421875,0.001562499999998579,42.990930691080194,0.036277976747772556,1007.0260775801287,0.004594196795949301,51.94775128108007,0.03844113254270454,192349.5,167.5
1776295130.861617,28.009296875,0.0007812499999992895,42.82753124757896,0.04240527739208133,1007.0271328232243,0.004073416189896761,51.938921708893176,0.03408356362528053,194207.0,114.0
1776295132.90095,28.0137890625,0.0007812499999992895,42.56722087427079,0.08477143652002894,1007.021029360816,0.0021435660650013233,51.98999139725282,0.017935984316505227,195869.0,58.0
1776295134.9593582,28.01759765625,0.0012695312499992895,42.258797060173016,0.07245995612846201,1007.0164916836486,0.00417703238156264,52.02795987837432,0.03495085216517779,196043.5,347.5
1776295137.0016778,28.02248046875,0.00146484375,42.06583837418518,0.024006525003017032,1007.0021340139325,0.00235383987262594,52.14809673035492,0.01969571974630213,195122.0,459.0
1776295139.022526,28.03029296875,0.0016601562500007105,42.11509230611694,0.03646297333025217,1007.0084706472976,3.166400063037145e-06,52.09507516237453,2.6494670354537675e-05,192912.0,841.0
1776295141.065631,28.0360546875,0.0011718749999989342,42.18226371105723,0.018009148047013923,1007.00795910469,0.0016696601203420869,52.09935547590056,0.013970790519678644,194208.5,568.5
1776295143.1044462,28.043085937500003,0.0013671874999996447,42.04101208974834,0.0572507488621099,1007.0094873609623,0.0004676856619312275,52.08656787362564,0.003913329607048155,197033.5,409.5
1776295145.1883438,28.04787109375,0.0012695312499992895,41.70653787595917,0.10841077776425934,1007.0109590822581,0.002039947646210294,52.07425336117005,0.017069110139988908,198803.5,59.5
1776295147.197494,28.05490234375,0.001660156249998934,41.3548884859358,0.08707615480095043,1007.0187044340066,0.004438010457988639,52.00944496080068,0.03713449101570987,199161.5,179.5
1776295149.2732053,28.06095703125,0.0012695312500010658,41.027890965159855,0.06592779662542725,1007.0071163226498,0.006842212523338276,52.10640755942187,0.05725188106718093,199881.0,301.0
1776295151.2555833,28.06779296875,0.002636718749998934,40.85455179233408,0.0297056834428453,1006.9941184805816,0.0015719750270477562,52.21516679097433,0.013153562182225187,199222.5,478.5
1776295153.3236315,28.075800781250003,0.0010742187500003553,40.82244821367891,0.015117884118996727,1007.0158677038427,0.02393187084408055,52.033182829002165,0.2002473582280473,198864.0,477.0
1776295155.3705285,28.08009765625,0.00029296874999928946,40.945958075732165,0.024047267606707834,1007.0902781161437,0.01734734664506732,51.41057940877661,0.14514337545778844,199281.0,299.0
1776295157.397819,28.08146484375,0.00048828125,40.97012765295976,0.02407275841109069,1007.1359989645402,0.009874265849077801,51.02804435576992,0.08261387886681604,199286.0,1017.0
1776295159.4681149,28.08029296875,0.0010742187500003553,40.7000382778566,0.09003997852575907,1007.1847456079954,0.01515029091700626,50.62020988336957,0.12675122061407507,201772.0,1227.0
1776295161.4967604,28.07794921875,0.00029296874999928946,40.31656571885471,0.08974290331905621,1007.2209499144681,0.01018805975502346,50.31731935223276,0.08523344089729434,203560.0,312.0
1776295163.5299003,28.0786328125,0.00019531250000071054,39.9969752914194,0.06862257327290777,1007.2469193373183,0.00031389967381301176,50.10006074078719,0.00262603394672567,203497.5,249.5
1776295165.562846,28.0688671875,0.0021484375000007105,39.73050097888991,0.07174586082357948,1007.2276714706577,0.0052293309002493515,50.261086620253224,0.04374841417870812,203625.0,750.0
1776295167.612175,28.0649609375,0.0017578124999992895,39.5365040890119,0.038880239980198184,1007.2178406189855,0.0010486166368082195,50.34333144599508,0.008772762397857292,203937.0,564.0
1776295169.6659508,28.05099609375,0.0012695312500010658,39.38625361158011,0.044736415508516814,1007.2033909524048,0.002928534080524514,50.46421857464048,0.024500500183908258,206089.0,320.0
1776295171.7015812,28.047480468750003,0.0020507812500003553,39.20757729097191,0.0447711226664218,1007.193299809546,0.001519501681912061,50.54864272057401,0.012712453476574126,206281.5,384.5
1776295173.7656624,28.03390625,0.005273437499999645,38.97167260733151,0.07767231215131432,1007.1928004018488,0.0004064922960651529,50.552820858387804,0.003400796811131812,206926.5,774.5
1776295175.8092206,28.0165234375,0.0011718749999989342,38.706081172627464,0.05045542400477743,1007.1959488574103,0.011438897131483827,50.52648071479512,0.09569988611882252,207896.0,65.0
1776295177.8192534,28.015546875,0.0007812500000010658,38.63493269581173,0.026716976401377934,1007.2263529472452,0.009249075723118949,50.27211754628054,0.07737755214317232,205387.0,254.0
1776295179.8755584,28.02033203125,0.00048828125,38.77755760896376,0.044481098313617906,1007.2455900509532,0.0009915207587027908,50.11118134462489,0.008294911303742936,205325.5,698.5
1776295181.9150274,28.01349609375,0.002832031250001421,38.83014078035684,0.00919271973018354,1007.2274975736941,0.0063281347358383755,50.262541479468865,0.05294097913975193,206602.0,193.0
1776295183.9859147,28.01125,0.00019531250000071054,38.74400094064673,0.017788466019780458,1007.203460053817,0.006530958284372446,50.46364057777544,0.05463885047992534,207055.0,646.0
1776295185.9725192,28.0122265625,0.0007812499999992895,38.752990048664486,0.02081374417101145,1007.1854903049391,0.0021437765392988695,50.61397880311398,0.017935373774946584,205070.0,190.0
1776295188.057928,28.011640625,0.0,38.862537433888406,0.023707487532515614,1007.1827722853125,0.0008881493196781776,50.636718451044544,0.007430496848879642,205073.0,824.0
1776295190.064938,28.01330078125,0.00029296874999928946,38.98723088105683,0.03562038688443181,1007.1836641830967,0.00041729323646677585,50.629256594138596,0.0034911853081673883,205073.5,950.5
1776295192.1037428,28.016230468750003,0.0010742187500003553,39.1655913762889,0.0416825011038604,1007.1812675201757,0.0009379964162690158,50.649307730117485,0.007847540603645342,204375.0,252.0
1776295194.1605327,28.02033203125,0.001074218749998579,39.3383300803003,0.035783113072419326,1007.1816423747288,4.98603391179131e-05,50.64617158951137,0.00041714543048598784,203748.0,375.0
1776295196.207359,28.02140625,0.0009765625,39.439529925583436,0.011790049634889499,1007.1789280253265,0.0006813420370122003,50.66888061595742,0.005700308939971421,204443.5,1070.5
1776295198.2473774,28.024921875,0.0017578124999992895,39.407200426220456,0.008729396404728362,1007.1792492301728,0.00161574039759671,50.66619332880468,0.013517758415186874,204566.0,694.0
1776295200.2868686,28.02404296875,0.0036132812500007105,39.35656624229703,0.030117973429646838,1007.1813893266376,0.00041000186973860764,50.6482886608142,0.0034301900835664867,205843.5,1468.5
1776295202.3026145,28.01056640625,0.00146484375,39.11452310246319,0.06842361627089133,1007.1837102428024,0.0005780043580898564,50.62887124703286,0.004835736771838128,208681.0,197.0
1776295204.348922,28.0118359375,0.0017578124999992895,38.83885954327226,0.05314519751379265,1007.1830861799847,0.0016155941016222641,50.63409232997779,0.013516492766804333,208943.5,197.5
1776295206.3871155,28.00841796875,0.0006835937500007105,38.640091115695995,0.03854440486442812,1007.1935794485365,0.0002105419072222503,50.54630319777216,0.0017614351009562768,209670.5,397.5
1776295208.4312131,27.99953125,0.001953125,38.45577057564512,0.03863471589799161,1007.1961710639185,0.003139149043022371,50.52462128816741,0.02626268501226292,208747.0,394.0
1776295210.4903715,28.00080078125,0.001855468750001421,38.346570407555625,0.011618291379690504,1007.1928826919428,0.000570361834547839,50.552132403368596,0.004771762220769915,208046.0,2022.0
1776295212.5296228,28.008906250000003,0.0025390625000003553,38.39470462995929,0.02981832484250191,1007.1961405089053,0.001416407900762806,50.52487689050859,0.011849923324938061,206538.0,257.0
1776295214.5379605,28.01369140625,0.00048828125,38.48979396105675,0.0058611016189793474,1007.1905090606568,0.000784768938842717,50.571990701680775,0.006565547854552989,206795.0,129.0
1776295216.6133714,28.01828125,0.002148437499998934,38.50802415138715,0.0061430926293191135,1007.1845634948369,0.0027641663295980834,50.62173274268814,0.023125728042497688,206538.0,386.0
1776295218.6276078,28.02609375,0.0009765625,38.60647425040827,0.04448630007893328,1007.1775799597262,0.0010950136854148695,50.680158939945755,0.00916121819234661,205645.0,892.0
1776295220.651084,28.02951171875,0.0008789062499996447,38.81705766963878,0.05934804571262475,1007.1857377179139,0.00318889730203864,50.611908902880714,0.0266791116575682,205133.5,253.5
1776295222.74116,28.03498046875,0.0016601562500007105,38.93915126923105,0.0031436944680756085,1007.1838687329025,0.0008845998691526802,50.62754527868094,0.007400794666125421,205642.5,509.5
1776295224.751648,28.042597656250003,0.0018554687499996447,38.91032467948344,0.0146226317777014,1007.1845642326992,0.0032353466026506794,50.621726579047326,0.02706774364846609,206411.0,642.0
1776295226.7866151,28.0516796875,0.0025390625000003553,38.84609535326284,0.008617088362452563,1007.183172656232,0.0021368553385059386,50.633368853143395,0.017877502577324123,206409.0,0.0
1776295228.8476095,28.0618359375,0.002343750000001421,38.844223344524075,0.00025189215146070865,1007.1826188378373,0.001562674917295226,50.63800223966277,0.013073761615107315,204439.0,441.0
1776295230.8858922,28.07052734375,0.001660156249998934,38.83330435211596,0.0001783943024626922,1007.1868162630935,0.0035495971044952057,50.602885536490845,0.029696790587991018,205708.5,828.5
1776295232.9472935,28.0794140625,0.002539062499998579,38.932083820300306,0.05067892950158992,1007.1806684415656,0.002303938322995691,50.65431980557507,0.019275402263676966,203372.5,124.5
1776295234.9699316,28.09220703125,0.00341796875,39.12333874177568,0.04489857719164192,1007.1914566717487,0.0028280674494567393,50.56406280875473,0.02366021016999653,203622.0,125.0
1776295237.0164402,28.106171875,0.0033203124999996447,39.303065504492864,0.03305195403075345,1007.1970216137495,0.0017827276719231122,50.51750541541365,0.014914609868124984,203873.0,376.0
1776295239.0895247,28.11935546875,0.0028320312499996447,39.37583812399691,0.009227937317525914,1007.1942240559879,0.001667007939602172,50.540910295353854,0.013946509819792396,202503.5,123.5
1776295241.081475,28.1325390625,0.003124999999998934,39.407008561963636,0.009261932521251737,1007.1994204512412,0.0011963918114474836,50.4974363370784,0.010009202746090295,202937.5,186.5
1776295243.1266816,28.1425,0.002148437499998934,39.4467592620074,0.00023393438512897546,1007.2278642043913,0.011447527362747678,50.25947456486953,0.0957696310217031,202813.0,62.0
1776295245.1950467,28.15294921875,0.0036132812500007105,39.43004914198881,0.005555680791637485,1007.2597580609572,0.007583368852067451,49.992654800821356,0.06344058360956595,202629.0,495.0
1776295247.250273,28.165644531250003,0.0028320312499996447,39.49986751618461,0.04494639431475278,1007.2650577301989,0.0016674104699632153,49.94831899235526,0.013949083149633168,199882.5,541.5
1776295249.3120594,28.177265624999997,0.0033203124999996447,39.75131001975479,0.06295426953833072,1007.2455327825064,0.0035481571546824853,50.1116604827469,0.02968334246923021,199582.0,600.0
1776295251.3554163,28.19044921875,0.0026367187500007105,40.01227532859965,0.07193821369052245,1007.226740589575,0.00020501313309750913,50.2688742525619,0.0017151345648436234,197974.5,531.5
1776295253.3446665,28.2032421875,0.0029296875,40.309514366386075,0.0870578806782305,1007.2135380170427,0.0068417681351320425,50.37932737594687,0.057238662573919186,195640.5,634.5
1776295255.4043026,28.2165234375,0.003710937500001066,40.613334165827595,0.06633439113254624,1007.1957882239379,0.0020331179899812923,50.527824177495845,0.017009435700657605,195235.5,229.5
1776295257.46769,28.22931640625,0.00244140625,40.85764832263197,0.05128863921934368,1007.1914675573585,0.002296349679738796,50.563971728278105,0.019211746729467905,195815.5,924.5
1776295259.5004013,28.2407421875,0.0029296875,41.02405887224731,0.030369008169046197,1007.1911685031786,0.0011534218265296659,50.56647366579285,0.009649773083587831,195407.5,57.5
1776295261.5360856,28.252558593750003,0.0030273437500003553,41.10350924818735,0.01837370387308468,1007.1914964752488,0.0021986760244772086,50.563729793623864,0.018394587858207245,195985.0,174.0
1776295263.5613678,28.264765625,0.0029296875,41.11991164471925,0.0026756430161292144,1007.1844549578792,0.0015123730776167577,50.62264077288938,0.012652904122642639,196567.5,640.5
1776295265.6202993,28.2778515625,0.0029296875,41.09133047372252,0.008686021854718007,1007.1814901868105,0.002929984379989037,50.64744486479419,0.024513065160036263,197032.5,58.5
1776295267.6573968,28.28927734375,0.00244140625,41.01449614109278,0.02075339894278727,1007.1802998826814,0.0031857924294627082,50.65740329059758,0.026653252038435937,195927.0,116.0
1776295269.7055488,28.29923828125,0.00244140625,41.04566226630827,0.033325535294597586,1007.1794211774297,0.0005203219144505056,50.66475475981463,0.004353165259747271,195812.0,347.0
1776295271.7561476,28.30841796875,0.0026367187500007105,41.17895071419275,0.009318785979271382,1007.1799525219724,0.003347586982044959,50.66030941375197,0.028006879429561593,197619.5,294.5
1776295273.7779882,28.31828125,0.0025390625000003553,41.11993494618682,0.03278025014228447,1007.1869131585931,0.0031906568125918966,50.602074877128885,0.026693806939110946,197915.0,472.0
1776295275.8406847,28.32482421875,0.00029296874999928946,40.97044292728074,0.05703101660415655,1007.1956478672632,0.00041789935386304933,50.52899841377396,0.0034962225627275245,200365.5,544.5
1776295277.8886218,28.330585937499997,0.0013671874999996447,40.629072533067244,0.09276041139549918,1007.2013502329027,0.00046925855690460594,50.48129148753311,0.003925885069687496,201892.5,982.5
1776295279.9189463,28.335566406250003,9.765625000035527e-05,40.17768556724158,0.11954944545197677,1007.212017583231,0.0054884630922629185,50.39204737251277,0.04591688358419077,203124.0,373.0
1776295281.9607646,28.3348828125,0.002148437499998934,39.69411128244855,0.12540301020965927,1007.2189166754493,0.004340285929970378,50.33432918461342,0.03631094809632174,205260.0,254.0
1776295284.0416284,28.3317578125,0.0005859375000003553,39.26218386880072,0.06829840761944439,1007.2023443643092,0.0026129987721787984,50.472974465707395,0.021860708804531725,206796.5,644.5
1776295286.088848,28.33537109375,0.0010742187500003553,39.0724504037849,0.03254059192154912,1007.1930433122704,0.0008372063837214228,50.55078862264271,0.007004236666748653,206537.5,128.5
1776295288.1065965,28.33087890625,0.002050781249998579,38.92656220379823,0.0417466724422475,1007.1911578433112,0.0029253924809040655,50.566562872820874,0.02447445783737834,208488.0,917.0
1776295290.1811152,28.3313671875,0.0009765625,38.71616486317694,0.0621021767652401,1007.197273847456,0.0010968420606332074,50.51539517791369,0.009176369648880467,208357.0,916.0
1776295292.1925929,28.33576171875,0.0006835937500007105,38.598177746447035,0.0028868548292670937,1007.2069998034815,0.004652631312694666,50.43402654099646,0.03892441080908071,207508.0,584.0
1776295294.2388787,28.34123046875,0.0010742187500003553,38.607644389228774,0.00603569772656698,1007.2237832491451,0.004391649480851356,50.29361538015415,0.03674051319706351,207506.5,194.5
1776295296.3283973,28.34640625,0.0009765625,38.655572130180005,0.017871943676556867,1007.2205467276098,0.001985509322935286,50.320692083515894,0.01661080229651901,206666.5,257.5
1776295298.3724186,28.346015625,0.0009765625,38.71772632833377,0.0028574434557704365,1007.2163647204156,0.00020829375989706023,50.35567886733129,0.001742594736199976,208031.0,978.0
1776295300.404771,28.336542968750003,0.0030273437500003553,38.645634815730446,0.038817249881073934,1007.2180294922591,0.002197943953660797,50.34175133844015,0.01838807097559325,206925.0,516.0
1776295302.4204562,28.327753906250003,0.0010742187500003553,38.49671227287632,0.026738517692297847,1007.2154606016486,0.001725855397523901,50.363242777236295,0.014438592497764802,200745.0,1882.0
1776295304.5017588,28.3284375,0.0007812499999992895,38.390324767637914,0.020610289213863098,1007.2103387741611,0.0014105950093608044,50.4060923268328,0.01180115692744721,197796.5,353.5
1776295306.5314546,28.334296875,0.001367187500001421,38.30228697605764,0.026446169120042384,1007.2233068634603,0.003085135804838046,50.297600787846,0.02581023750993694,195754.0,289.0
1776295308.5938678,28.34162109375,0.001855468750001421,38.22626187021994,0.014569110277765418,1007.251957597459,0.018975957587258563,50.057912766443046,0.158749151766564,195697.0,462.0
1776295310.6062918,28.34650390625,0.00048828125,38.12345196619782,0.035364962718372084,1007.3833197848226,0.04610395143987489,48.95902633946263,0.3856559214781825,196101.5,405.5
1776295312.641677,28.34806640625,9.765625000035527e-05,37.949580196592294,0.038316200747882334,1007.5342298455644,0.02681558479702062,47.696747394920486,0.2242830497598831,195581.0,0.0
1776295314.7174628,28.35294921875,0.0006835937499989342,37.80275161548414,0.03232852503924377,1007.6167218171155,0.01709402507970026,47.00681367436377,0.14296335356387502,194778.0,457.0
1776295316.7353642,28.355390625,0.0005859375000003553,37.76766351369756,0.008896283402016536,1007.6730751021298,0.012494033577866048,46.53552151342812,0.10448727255041135,194951.5,744.5
1776295318.789969,28.34953125,0.0025390625000003553,37.7464350672202,0.01793383886549549,1007.7063114777397,0.00747099561988307,46.25756995734466,0.0624780703120571,200493.0,1272.0
1776295320.8666155,28.3430859375,0.00390625,37.69276593587857,0.012184213790487064,1007.7137240068405,0.0036129675468714595,46.195580868859494,0.030214165213298116,204079.0,1945.0
1776295322.9054656,28.32892578125,0.00341796875,37.62948095814784,0.020953972311929192,1007.714066898164,0.0007261297350282803,46.19271332975342,0.006072403765532642,208422.0,851.0
1776295324.9298463,28.318378906249997,0.0010742187500003553,37.55777839071536,0.014816581007394802,1007.7157741192192,0.0017267344658193906,46.17843637349398,0.014440139254237039,209541.5,926.5
1776295326.9970772,28.315546875,0.0,37.53101618898689,0.005880596826862927,1007.7138875674743,0.004442910175555426,46.19421308283274,0.037154721900151344,208160.5,848.5
1776295329.0536373,28.3173046875,0.0005859375000003553,37.540021340263365,0.0030018369064883643,1007.7069387084409,0.0008353203315891733,46.252324399790524,0.00698557177246073,207247.0,194.0
1776295331.0984964,28.31857421875,0.0002929687500010658,37.55779816528356,0.0029715025646339654,1007.706313623841,0.0013595090078410976,46.25755182871485,0.011369234243399973,207119.0,582.0
1776295333.1358836,28.318671875,0.0007812499999992895,37.5284032257348,0.008738996535782917,1007.7091363541824,0.0005213742370528962,46.233946061426586,0.00436011262404179,206924.0,129.0
1776295335.1632955,28.32169921875,0.0008789062499996447,37.51989977022059,0.011668479086154093,1007.6988965341054,0.0048073771499730356,46.31957935374743,0.04020313387835017,206988.5,64.5
1776295337.215084,28.32638671875,0.0012695312500010658,37.493931125181575,0.008686159184779996,1007.6922136828576,0.0006251709545495032,46.37546677622288,0.005228207765565429,207579.5,1298.5
1776295339.258397,28.33283203125,0.0016601562500007105,37.47696807516611,0.0031130237313803377,1007.691021882348,0.0008859447971190093,46.3854336252019,0.007409026073350589,206153.0,256.0
1776295341.3072479,28.33888671875,0.00029296874999928946,37.47760137043177,0.002908774906529743,1007.7051970607894,0.0066912072991272,46.26688951501676,0.05595694546253682,207377.5,453.5
1776295343.3621645,28.3430859375,0.0017578124999992895,37.54566636551573,0.035472551281976905,1007.7110581508226,0.0007290143564659957,46.21787460589866,0.006096541723710658,207768.5,715.5
1776295345.403255,28.34904296875,0.001660156249998934,37.68457134869305,0.05609713950625661,1007.6984176386361,0.0053292071853547895,46.32358427934359,0.04456711127727786,206732.0,580.0
1776295347.454028,28.3565625,0.0017578124999992895,37.88268364521748,0.0414434853804444,1007.6900654503916,0.0042837432474129855,46.393432187118876,0.03582434245645061,206281.5,384.5
1776295349.4706166,28.36505859375,0.001855468750001421,38.10181711546569,0.059218440545475204,1007.6859483920584,0.0012049799171904851,46.427862567247885,0.010077110955016622,206153.0,256.0
1776295351.5137608,28.3716015625,0.0007812499999992895,38.26194190015995,0.023715678503087645,1007.6884669369722,0.000367030714073735,46.40680027746654,0.003069430198586076,207637.5,584.5
1776295353.5600286,28.3778515625,0.0025390625000003553,38.33056556357629,0.020958113964688607,1007.672741098384,0.0030284376557006,46.53831428462483,0.025326750857306735,207506.0,65.0
1776295355.6357245,28.3887890625,0.0021484375000007105,38.452951223614406,0.029806243031931245,1007.6707693900692,0.0016756467794039054,46.55480362524594,0.01401341568448089,206537.5,128.5
1776295357.6748428,28.396015625,0.0011718750000007105,38.58687519224516,0.026767077212202395,1007.6788293051443,0.001671308256049997,46.4873988618677,0.013977042139348583,206990.0,581.0
1776295359.7060306,28.39767578125,0.0020507812500003553,38.61369511458332,0.012062554162202588,1007.6877183938564,0.000629991164544208,46.41306024909773,0.005268537462811196,207190.5,1293.5
1776295361.7559006,28.38322265625,0.01025390625,38.4730655637679,0.04546622912019771,1007.6929262289107,0.005736108003873142,46.36950797499678,0.047970154435748924,211545.5,944.5
1776295363.838388,28.332050781249997,0.017480468749999645,38.21050338292349,0.08453957397838607,1007.6959857900426,0.004105331917969579,46.34392133178817,0.03433215027287417,214967.5,278.5
1776295365.8578484,28.2878125,0.00390625,38.03166888398178,0.015160483507582256,1007.687965944466,0.002724928694135542,46.41099003807163,0.022788233970416627,214072.5,1173.5
1776295367.9161544,28.26388671875,0.009082031250001066,38.002596742953926,0.018652943383440146,1007.692154867007,0.0031707998408592175,46.37595867654011,0.026516908717002963,215043.5,1184.5
1776295369.942262,28.214765625,0.0126953125,37.87951500731877,0.04258609544063674,1007.6949296783696,0.0008633410175207246,46.35275335282486,0.007219971317784513,217434.0,499.0
1776295371.9808536,28.181171875,0.01152343749999929,37.7169654339704,0.03652749635092434,1007.6809023606852,0.0051997461982296045,46.47006212923852,0.04348506650905648,216652.0,141.0
1776295374.038614,28.14572265625,0.005761718749999645,37.595570098219305,0.030010271056269744,1007.6789902922203,0.0005085853269406471,46.48605252900201,0.00425326542949378,217291.0,356.0
1776295376.0847495,28.12033203125,0.005566406249998934,37.519412733811365,0.009399330716718168,1007.6710369889937,0.0018429445985930215,46.552565700587145,0.015412522203412493,216723.0,212.0
1776295378.1342185,28.0971875,0.0078125,37.4817296413808,0.009630884610771773,1007.664916022033,0.0010132639310995728,46.603755387235495,0.00847395502676207,216798.0,992.0
1776295380.2151487,28.0628125,0.006250000000001421,37.45757482891195,0.006527639937822016,1007.6567247260184,0.0029432151188757416,46.67225967950364,0.02461435362499742,217151.0,782.0
1776295382.254413,28.03263671875,0.010644531249999645,37.433865078805354,0.004047050995009016,1007.6597217027343,0.0029044676448393147,46.64719574257629,0.024290246769108848,219091.5,1301.5
1776295384.2990735,27.9954296875,0.008398437499998579,37.42117563142193,0.0008752161184375495,1007.656737212135,0.0007056612587348354,46.67215522963446,0.005901503928591012,218507.0,288.0
1776295386.3466117,27.94318359375,0.013574218750001421,37.392244483912705,0.01902892854069549,1007.6579810587897,0.003037293497527571,46.6617528709013,0.025401113311410484,220834.0,147.0
1776295388.384051,27.9020703125,0.007226562499999645,37.35860945302069,0.005118733112023932,1007.6682368362084,0.0009655638849608295,46.575983360728316,0.008075016639761401,218437.0,647.0
1776295390.4234383,27.8641796875,0.009765625,37.36640960579351,0.0010155011999266605,1007.6650190664247,0.002386307086396755,46.602893639781186,0.019956752269305156,219519.5,435.5
1776295392.4725964,27.831171875,0.0078125,37.36004285333777,0.0021227426678294137,1007.6616573390793,0.002797982345271066,46.63100790384359,0.023399667074897934,218363.0,144.0
1776295394.4929879,27.79142578125,0.011035156250001066,37.35591213840758,0.0017879291093478855,1007.6572195535713,0.0017674452736855528,46.66812137760109,0.014781286424842222,220103.5,730.5
1776295396.5517251,27.745234375,0.00898437500000071,37.37165494335083,0.01080502232797187,1007.6548374721071,0.0006412912355813205,46.68804292568217,0.005363180246401811,220320.0,73.0
1776295398.599423,27.714765625,0.0078125,37.43306079591487,0.016801148451769166,1007.6457781800095,0.00546463932602137,46.76380703103115,0.04570163665325566,220174.5,365.5
1776295400.6276877,27.6805859375,0.009179687499999645,37.502907923068946,0.013727753186557834,1007.649387795646,0.004763053057104116,46.73361926840718,0.039834044995373574,219667.5,872.5
1776295402.712666,27.64455078125,0.00927734375,37.584339461837644,0.028413410966944497,1007.6686479849752,0.0019409509161505412,46.572544931183295,0.016232178948719422,218939.0,0.0
1776295404.763951,27.60001953125,0.012988281250001066,37.66785243336689,0.010400974875825142,1007.676894150903,0.0012942219726710391,46.50358243963029,0.010823510932151947,220174.0,73.0
1776295406.807728,27.54923828125,0.011425781249998934,37.73310432566353,0.02232855560192704,1007.6812875565836,0.0006326333366359904,46.466840677380546,0.00529066095817754,221351.5,664.5
1776295408.834522,27.50431640625,0.01123046875,37.79310264675526,0.010589755281987578,1007.6800095233875,0.0014543219652409787,46.477528775937586,0.012162388382240152,221134.0,1179.0
1776295410.8894572,27.459296875,0.013281249999998579,37.814862535418406,0.001551115933089875,1007.6785654752326,0.0036227499018650633,46.48960528918826,0.03029682800435296,221797.5,963.5
1776295412.9190784,27.4141796875,0.01093750000000071,37.8424975798851,0.016505581245482404,1007.6751807811414,0.001628278684961515,46.5179112748296,0.013617228558597816,221497.0,74.0
1776295415.0016582,27.370722656250003,0.009667968749999645,37.90856037105263,0.01664353473336533,1007.6806699488541,0.0030744872983063942,46.47200571211017,0.025711699095381846,222015.5,148.5
1776295417.03454,27.334980468749997,0.007910156250000355,37.94307238343494,0.013886935851946447,1007.6879192910505,0.0014654415238055662,46.411380176958815,0.012255302545700175,222686.0,75.0
1776295419.0466113,27.30021484375,0.010644531249999645,37.99535472209683,0.004770868184216681,1007.6878617843147,0.0020494800541541736,46.41186110544265,0.017139543872616514,222164.0,0.0
1776295421.0892515,27.2633984375,0.0068359375,38.038599737563516,0.00517145103530936,1007.6703041478779,0.0039052088129665208,46.55869448313834,0.03265923078880206,221719.5,444.5
1776295423.1850853,27.22833984375,0.009667968750001421,38.07614698713,0.016655602302495964,1007.6715389426913,0.001293585947507836,46.54836786326376,0.010818238436524297,223210.5,150.5
1776295425.2035394,27.19708984375,0.004980468749998579,38.16713519565981,0.028943837463582867,1007.6824469796845,0.004401922583667783,46.45714458489628,0.03681288498437851,222315.5,744.5
1776295427.2444093,27.172968750000003,0.008203124999999645,38.294300733712134,0.022726675869620294,1007.6977287232069,0.00364864564966183,46.329345494449015,0.03051292265949357,222389.0,522.0
1776295429.263114,27.142597656249997,0.010644531249999645,38.39138828296801,0.022480177758090747,1007.7002847655774,0.0002827774702609531,46.307969780615736,0.002364808803864804,222761.0,299.0
1776295431.308628,27.1063671875,0.008398437500000355,38.46724121743418,0.025678291357845495,1007.6978386044257,0.002877059688614736,46.328426562047895,0.02406029536551557,223964.0,151.0
1776295433.4010704,27.07599609375,0.00810546874999929,38.564416896161326,0.025722629423739818,1007.6941771120316,0.0038017867904613922,46.35904698265312,0.03179370333202769,223210.5,150.5
1776295435.4673662,27.050800781249997,0.004980468750000355,38.62673281381839,0.02015354291498639,1007.7032789947144,0.0017369599022458715,46.28292970895444,0.0145257972095294,222835.5,224.5
1776295437.4656608,27.03107421875,0.0071289062499992895,38.710341992018584,0.022890431680988144,1007.6998983532702,0.0034961120503567145,46.31120130716986,0.029237262500537042,222990.0,974.0
1776295439.5216722,27.0003125,0.0060546875000007105,38.77802689163319,0.01709839609014452,1007.6920510023533,0.004427635571744304,46.376827312700414,0.037027634659569486,224494.0,76.0
1776295441.569789,26.98244140625,0.00341796875,38.85006765891914,0.014427704775386019,1007.6898804689561,0.001956172275242807,46.39497911217087,0.016359196120220076,223512.0,452.0
1776295443.6098018,26.968671875,0.003124999999998934,38.913696239131916,0.014464081573400733,1007.6960859815031,0.005609199800460374,46.343083497797316,0.04690872231700638,223662.5,301.5
1776295445.676718,26.95568359375,0.0041992187499992895,38.9863140831484,0.023237610386455998,1007.7044350682279,0.0005543633223510369,46.27326172674798,0.004636008989109541,224039.5,75.5
1776295447.724946,26.943671875,0.0021484375000007105,39.07091491524906,0.026430816807700097,1007.7054885318842,0.0018608320802968592,46.264451874364966,0.015561684190728897,223514.0,753.0
1776295449.735782,26.930390625,0.004492187500000355,39.16134692227909,0.017301632841423498,1007.7000636836212,0.00368656762543651,46.30981868830479,0.030829999017559118,223511.0,0.0
1776295451.778345,26.9173046875,0.003515624999998579,39.248882400509146,0.01148410345511408,1007.6958394157937,0.0005457332765104184,46.34514537767467,0.004563869482513638,222836.0,75.0
1776295453.8462477,26.90294921875,0.0026367187500007105,39.31259113467311,0.005649473305648911,1007.6922302794762,0.003359095330552009,46.37532801787301,0.028091593076339905,223813.0,0.0
1776295455.9046605,26.88107421875,0.005175781250001066,39.32803795101262,0.012424001617908687,1007.6765119515845,0.00390126168815641,46.50677879862041,0.03262605826937204,225334.0,459.0
1776295457.9446435,26.857441406249997,0.004980468750000355,39.30472969486719,0.002430646573156281,1007.6712606886942,0.0009273764938484419,46.55069489448559,0.007755636410468725,226100.5,154.5
1776295459.9769933,26.83341796875,0.008105468750001066,39.31104530757233,0.006804049057937078,1007.6680378363083,0.000640873956285759,46.577647596481334,0.005359633649241857,227030.0,466.0
1776295462.020099,26.8044140625,0.0078125,39.26344317224304,0.015665194568118324,1007.663884348482,0.0001700552231227448,46.61238330265798,0.0014221778393022078,228200.0,235.0
1776295464.0648289,26.7809765625,0.005273437499999645,39.24610065227269,0.0053635228401169854,1007.6536218578424,0.0040600637906322845,46.698209283599226,0.033954736917326755,228436.5,471.5
1776295466.1050274,26.767890625,0.003515624999998579,39.309935350698936,0.029281276230253894,1007.6529365763796,0.0003429740817182392,46.70394031052436,0.0028683295943103815,225642.0,767.0
1776295468.143023,26.75900390625,0.00146484375,39.42765722910798,0.02358647565422345,1007.6572403924058,0.0003002499201443243,46.66794709056592,0.002511014094313424,225104.0,382.0
1776295470.2192712,26.7458203125,0.005468750000000355,39.50045118142376,0.0023793582492430687,1007.6643742426804,0.0027160935633219196,46.60828632567042,0.022714777482956805,225643.0,921.0
1776295472.2688985,26.72931640625,0.0026367187500007105,39.49273292409766,0.009191645954331307,1007.6643868668618,0.0019582903158834597,46.60818073733241,0.01637724448087141,225869.5,76.5
1776295474.2932596,26.7219921875,0.001562499999998579,39.48006702579977,0.002800371237281496,1007.6658868823187,0.004289278461328649,46.59563611663354,0.03587132958297801,225716.0,230.0
1776295476.3457205,26.6940625,0.012890624999998934,39.506745627115436,0.00435942878671014,1007.6590176965717,0.00037546552863432225,46.6530833644716,0.003140043757319688,227575.0,546.0
1776295478.3951652,26.66193359375,0.0036132812500007105,39.494374752356485,0.01226476304457691,1007.6524733590395,0.0005018772768039526,46.707814248755525,0.004197255880889372,227886.5,78.5
1776295480.4229937,26.654902343750003,0.0008789062499996447,39.47283627745115,0.0030630844099732712,1007.6482389018965,0.0003569827209162213,46.743227547980815,0.0029854966406688277,227809.0,469.0
1776295482.4736865,26.654609375,0.0,39.50546067785284,0.011875949937991237,1007.6406766279617,0.005317802058868892,46.806472193904355,0.044473795849324205,225874.0,999.0
1776295484.526686,26.65216796875,0.001074218749998579,39.6002337324082,0.023649697764899003,1007.6314266013126,0.0017301782020808787,46.88383213873527,0.014469918819600025,225104.0,229.0
1776295486.541448,26.65197265625,0.00048828125,39.70422075887274,0.020861228671002152,1007.6337709133645,0.0016727431846561558,46.86422608068597,0.013989548858273082,225409.5,229.5
1776295488.596485,26.653046875,0.0,39.75785213590244,0.00892084043644914,1007.634614797594,0.0017725960458392365,46.85716847983327,0.014824632018644479,225877.0,1307.0
1776295490.6707358,26.652265625,0.0013671874999996447,39.77858422475633,0.011747739855675121,1007.6395605613354,0.001315765425886184,46.81580598757009,0.011004007814761962,227106.5,233.5
1776295492.7054467,26.64953125,0.0,39.79018371098196,0.0,1007.6387016129395,0.0008862933187288036,46.822989543056195,0.007412252324808577,227340.5,467.5
1776295494.741021,26.639765625,0.00390625,39.76533550478264,0.024212856028661633,1007.6353804642613,8.771966548692944e-05,46.85076502327975,0.0007336194636380355,228357.0,236.0
1776295496.7771573,26.60822265625,0.009863281249998579,39.714347637765655,0.012958000712952611,1007.6342044841094,0.0008210690504597551,46.86060001898173,0.006866793240504876,230099.5,398.5
1776295498.8669791,26.578730468750003,0.006933593750000355,39.68143402507175,0.006693535234003178,1007.6283520487473,0.0005341443083466402,46.909545423753364,0.004467195266364854,230419.0,400.0
1776295500.8822124,26.539082031249997,0.012792968750000355,39.653376029620084,0.0013822060298238625,1007.6389231365499,0.0006595160944584677,46.82113689477455,0.005515667025825621,230980.5,482.5
1776295502.9249973,26.48380859375,0.015332031249998934,39.65334745878837,0.001655836523369203,1007.6358335160025,0.0007758359316198948,46.84697605146478,0.006488489554293153,230900.5,562.5
1776295505.0092819,26.424921875000003,0.016015624999999645,39.67966881005053,0.0012413305385727824,1007.6375413659914,0.0027671797648167744,46.83269295323933,0.023142512007325422,229067.5,474.5
1776295507.0524998,26.37033203125,0.012402343749998934,39.72428563534096,0.01054664643351444,1007.6408412613686,0.0003930930706701474,46.80509523881835,0.003287512107373658,230260.0,559.0
1776295509.0699232,26.32404296875,0.01201171874999929,39.778724276159586,0.016536044932443872,1007.6362421210324,0.0016375478667782772,46.843558803690456,0.013695174854209569,230578.5,240.5
1776295511.1064863,26.28498046875,0.0075195312500007105,39.902361295742296,0.03785474612145734,1007.6397357389433,0.0011700514411359109,46.81434094129775,0.009785371417137867,228837.5,1341.5
1776295513.161919,26.25431640625,0.010058593750001066,40.02400971542592,0.031650967492996784,1007.6452409232734,0.0011511796421359577,46.76830009854798,0.00962750024416792,228435.5,157.5
1776295515.2328866,26.2059765625,0.011523437500001066,40.10211777965918,0.013636309019460668,1007.6381988682722,0.0017424456522121545,46.8271941079616,0.014572435312086185,228045.0,705.0
1776295517.2826083,26.16466796875,0.00810546874999929,40.169104928774885,0.008054437260280878,1007.6345086605347,0.0006640958602588398,46.85805611965024,0.0055539882424859854,227968.5,939.5
1776295519.3220112,26.1317578125,0.006445312500000355,40.21020975391596,0.0007020520800438135,1007.6328343482767,0.003303098674166449,46.87205882733946,0.02762462013753364,228751.0,473.0
1776295521.3756738,26.108125,0.005468750000000355,40.22253348430176,0.0023839445991171715,1007.6266258860799,0.0052718597328862415,46.92398189775022,0.044090069196379034,228829.0,79.0
1776295523.4297078,26.09640625,0.0015625000000003553,40.24211585503092,0.011749620130384386,1007.619250622761,0.005174922978710583,46.98566351148777,0.043279615922276804,228121.5,156.5
1776295525.4595037,26.0930859375,0.00019531250000071054,40.37591443036829,0.050679519215684365,1007.615670245283,0.0012003196235355063,47.01560736669556,0.010038704338430904,226486.5,386.5
1776295527.5050802,26.093867187500003,0.0005859375000003553,40.54608325777011,0.04186150024112223,1007.6116162234806,5.883589233235398e-05,47.049512658211654,0.000492067312677591,226101.0,308.0
1776295529.5611289,26.09259765625,0.0008789062500014211,40.653453389068815,0.017828299693405825,1007.6148832659179,0.001240029827613398,47.02218916033101,0.010370821603633118,226409.0,0.0
1776295531.613132,26.086933593749997,0.004980468750000355,40.70362464350778,0.003536020048898081,1007.6128384860949,0.0018285451968722555,47.03929041969978,0.01529281535820104,226718.0,0.0
1776295533.664406,26.0563671875,0.009960937499998934,40.67636088443385,0.01005765312275031,1007.5998783757241,0.00719999474870292,47.14768145389342,0.060216907507239625,229860.5,477.5
1776295535.6914916,26.03302734375,0.0008789062500014211,40.581209250985424,0.023983477760353367,1007.595021589693,0.001239706925559858,47.18830092641361,0.010368286536916571,230661.5,801.5
1776295537.72955,26.0344921875,0.0007812499999992895,40.512707092555814,0.008868380302292422,1007.6026953396112,0.0021446844718866487,47.12412174159432,0.017936953934444944,227184.5,155.5
1776295539.8027768,26.04044921875,0.0008789062499996447,40.50440548144968,0.005872805483331689,1007.6105261126008,0.004073011945479266,47.05862973665288,0.03406420332104432,226025.5,692.5
1776295541.8439474,26.044062500000003,0.0013671874999996447,40.522709357329006,0.006119486026605614,1007.6216628526968,0.0013182160955125255,46.96548915916568,0.01102466180829964,225494.0,1379.0
1776295543.8452904,26.047968750000003,0.0015625000000003553,40.58882201539865,0.03600450487038387,1007.6270736154258,0.0025184909699760283,46.920237337906016,0.021062851975383268,224040.0,378.0
1776295545.9131653,26.055195312499997,0.0015625000000003553,40.7360004412839,0.033048850786961737,1007.6289813842088,0.0019089154063181013,46.904282131397366,0.01596477473085045,223587.0,226.0
1776295547.9586074,26.06056640625,0.00048828125,40.82029778172317,0.01500569617687475,1007.6287838018978,9.846755926901096e-05,46.905934553506114,0.0008235109042580291,223061.0,300.0
1776295550.0270576,26.06359375,0.0011718750000007105,40.847546561617406,0.005852576171196944,1007.623922929319,0.00011784770487111018,46.94658742862403,0.0009855961664619883,224191.0,227.0
1776295552.062834,26.06984375,0.0011718750000007105,40.85421753620819,0.00012922543983506785,1007.6269126962472,0.00011782144724747923,46.92158312930752,0.0009853741990006881,223065.5,1049.5
1776295554.1035745,26.078046875,0.0023437499999996447,40.88204448334575,0.009233358372753742,1007.6357068831644,0.0011211009665998972,46.848035112487906,0.009376019281223336,223286.5,375.5
1776295556.1507475,26.08234375,0.002539062499998579,40.882518613685335,0.00925500461834261,1007.6355484258386,0.0032068937230178562,46.84936035712811,0.026819976167388404,224728.5,1217.5
1776295558.2031732,26.081660156250003,0.0018554687499996447,40.80767068435689,0.017737015578973114,1007.6548134704784,0.006532725460715483,46.68824379562494,0.05463381203187012,225799.5,1229.5
1776295560.2360203,26.09083984375,0.0026367187500007105,40.75486466139013,0.0002902362771664002,1007.6474711868327,0.005490983810716443,46.74964815976147,0.04592189724204587,224116.0,454.0
1776295562.2475235,26.10177734375,0.0020507812500003553,40.77400612936725,0.006205279524078122,1007.6429615646133,0.003305352344000312,46.78736279083735,0.027643243170995646,225180.0,153.0
1776295564.3232512,26.1126171875,0.002539062499998579,40.81407242725387,0.015232348648929417,1007.6391793429377,0.004763297091642471,46.81899426372189,0.03983641267045712,224800.5,685.5
1776295566.3598626,26.12228515625,0.0028320312499996447,40.928822882755654,0.03921712348843798,1007.6308511158829,0.0036787940093176985,46.888645105771225,0.03076670092328726,222250.0,1563.0
1776295568.4055192,26.1341015625,0.002539062499998579,41.088819466328,0.042219860826058664,1007.6348406001805,0.0023209725680430893,46.85528004812579,0.01941082858911969,222387.5,223.5
1776295570.4306355,26.133320312499997,0.0023437499999996447,41.181617255464445,0.008731629042674882,1007.6247256433751,0.005548499701546916,46.93987419261254,0.04640375915269601,223361.0,0.0
1776295572.4891577,26.1251171875,0.0021484375000007105,41.16871917742171,0.021217605519279203,1007.6292164453046,0.0036219861339077397,46.902316284035834,0.03029164183391586,223814.0,453.0
1776295574.5077453,26.121796875,0.0007812500000010658,41.15935856445775,0.0060803672032356815,1007.6096960655805,0.007596576208015904,47.065571887338834,0.06353320161216303,223062.0,600.0
1776295576.551799,26.13087890625,0.0026367187500007105,41.175351582177875,0.0032898933271638953,1007.6030792840904,0.0007070945908367321,47.12091062918604,0.005913745987474073,220688.0,587.0
1776295578.590146,26.1409375,0.002343750000001421,41.224431719547624,0.015250987341740796,1007.614862079067,0.0006507170595000389,47.02236634994494,0.005442184133883643,220029.5,510.5
1776295580.6612773,26.150410156249997,0.0018554687499996447,41.31245631538741,0.030204044814766462,1007.6195012363913,0.002104699743654237,46.98356747077828,0.017602306076273777,219591.5,72.5
1776295582.699417,26.157734374999997,0.0013671874999996447,41.42730154680258,0.018163769491554405,1007.6304194826405,0.0022033887067891555,46.89225493710907,0.01842751312043589,220394.0,293.0
1776295584.7263768,26.166132812500003,0.0023437499999996447,41.47627545819705,0.00026179813038496036,1007.6395264454447,0.0011203421950085612,46.81609130395266,0.009369644744129602,219591.5,72.5
1776295586.8179703,26.1708203125,0.00039062499999964473,41.437768291896134,0.02105841809462561,1007.65682293299,0.0006295459884881893,46.67143833866163,0.0052649452151811715,220030.0,657.0
1776295588.848673,26.16330078125,0.003222656250001066,41.343895390698506,0.04236431011808861,1007.6641879543822,0.00011992168992946972,46.60984423605089,0.0010029090847183397,223065.5,1049.5
1776295590.8898602,26.155781249999997,0.0023437499999996447,41.18411476726838,0.03323208579177006,1007.6582683472645,0.0028917348694790235,46.65935025321636,0.024183790006571115,224647.0,380.0
1776295592.9334638,26.13859375,0.005468750000000355,41.02043177252635,0.039532244770587255,1007.64827966345,0.002614770477919137,46.74288667593362,0.021867692079414525,227029.0,0.0
1776295594.9633987,26.12951171875,0.00029296874999928946,40.89670295953061,0.029888459063670325,1007.6433837084542,0.004841303336206693,46.783832370271966,0.040488657810502815,225639.5,153.5
1776295597.0586336,26.1317578125,0.0017578125000010658,40.80422026378694,0.015145758487207672,1007.6354911505364,0.00017628453889528828,46.849839328968315,0.0014743074618230878,225872.0,692.0
1776295599.0784566,26.130878906249997,0.0010742187500003553,40.75329418346466,0.011839603439664614,1007.6385025466946,3.9858423406258225e-05,46.82465437228506,0.0003333442025947875,224652.0,1141.0
1776295601.1198637,26.135859375,0.0017578124999992895,40.70601711089169,0.00019337181714362828,1007.6403303844952,0.0015949108940276346,46.809367808174954,0.01333854860721928,224192.0,530.0
1776295603.202247,26.141718750000003,0.0015625000000003553,40.68873076846846,0.005804844852239199,1007.6444602694371,0.0034038402779970056,46.77482886849475,0.028466880809393302,223587.0,226.0
1776295605.2344227,26.14552734375,0.00048828125,40.70409229545089,0.009019629133657503,1007.6497128869034,0.0007869514763001462,46.73090041327376,0.006581377943241762,224191.0,227.0
1776295607.2650383,26.146796875,0.00019531250000071054,40.749067971902775,0.0119793633519798,1007.6482165451707,0.00031477962949111316,46.7434145203257,0.0026325463039107433,222986.0,375.0
1776295609.3145735,26.1438671875,0.002539062499998579,40.79957360361842,0.008691271281584534,1007.6443804513931,0.0032065345523619726,46.77549639567172,0.026816782019647434,222988.5,824.5
1776295611.3664107,26.1321484375,0.005468749999998579,40.84613361857955,0.0023879230340568824,1007.6458620726742,4.1869617746215226e-05,46.763105323192846,0.00035016216349958995,224041.5,680.5
1776295613.4201326,26.11544921875,0.0028320312499996447,40.86822214015957,0.008662003985342892,1007.6366593349569,0.0010221862043522378,46.84006954648301,0.00854876635463242,223819.0,1208.0
1776295615.4563951,26.104121093750003,0.0028320312499996447,40.959736157657,0.035604374100678626,1007.6343414644325,0.001022301866385078,46.85945442168877,0.008549749588230071,220982.0,589.0
1776295617.4691043,26.09591796875,0.0020507812500003553,41.09057717633634,0.03571833539559677,1007.6344032361142,0.0006487468364184679,46.858937808583065,0.005425621240782164,221349.0,74.0
1776295619.5480084,26.087421875,0.0017578124999992895,41.221485484263695,0.029782845662399637,1007.6295648918189,0.00017660568380506447,46.899402088777165,0.0014770003057904546,221573.5,739.5
1776295621.56478,26.0755078125,0.0031250000000007105,41.35211347438434,0.017652826788832954,1007.6271869107777,0.00027622177941566406,46.919289795832896,0.002310120618822964,222761.5,448.5
1776295623.5991786,26.0665234375,0.0029296875,41.42012899366311,0.014680018726867416,1007.621561032314,0.0005909216883424051,46.96634071088156,0.00494206702909139,223739.0,679.0
1776295625.6754003,26.062031249999997,0.0005859375000003553,41.440638122120674,0.005938017823194031,1007.6160915758836,0.0008265660535471397,47.012083625532014,0.006912866584855237,223285.5,75.5
1776295627.6782153,26.06125,0.0007812500000010658,41.49158949148527,0.026936246462813784,1007.6157178502813,0.0013972463277127645,47.01520923071696,0.011685672680943782,223970.5,1209.5
1776295629.7575886,26.0516796875,0.0025390625000003553,41.56860375077695,0.008728025052938904,1007.6188874642683,0.0023215505551092974,46.9887006562887,0.019415911329279112,226798.0,698.0
1776295631.7935085,26.044941406249997,0.0010742187500003553,41.55283131129045,0.00012005540456883068,1007.6124539432572,0.0008459806444989226,47.04250648861855,0.007075258414687369,225871.0,538.0
1776295633.8636358,26.04376953125,9.765624999857891e-05,41.54368990986117,0.008999518022999808,1007.6114505585565,0.00015740405615360942,47.050898178181455,0.0013164311482150026,224577.0,1216.0
1776295635.8927183,26.041132812500003,0.0005859375000003553,41.49534803828125,0.021083515348660598,1007.6125133986095,0.0009444284033293115,47.04200924145971,0.007898614147688221,225642.0,767.0
1776295637.9241207,26.0387890625,0.0007812500000010658,41.408034431532016,0.018092996528370264,1007.6078502249461,0.00493894671541284,47.08100928946642,0.041306445726153385,226796.5,387.5
1776295639.955921,26.039667968750003,0.0010742187500003553,41.3841256243385,0.01212189049609691,1007.6057250392722,0.0044667468765737794,47.09878309287153,0.03735730777512103,224958.5,1296.5
1776295641.9973323,26.0485546875,0.002148437499998934,41.4541451375362,0.02125275354284284,1007.6049958516355,0.0036208969065114616,47.104881578642,0.030283121734385077,223211.0,300.0
1776295644.0415275,26.055,0.001367187500001421,41.511909359725806,0.012164485399885905,1007.58085081074,0.012849534022677744,47.306819434025925,0.10746827741920129,222613.0,597.0
1776295646.086576,26.0630078125,0.0021484375000007105,41.55485074464383,0.006247683678832772,1007.5397426902601,0.010705213477422149,47.65063654677395,0.08953701019611415,222611.5,149.5
1776295648.1747146,26.0696484375,0.001367187500001421,41.57361675399503,0.0001528883099481959,1007.4849185961141,0.013735571398285629,48.10918847509648,0.11488759071402654,223061.0,450.0
1776295650.1853633,26.07658203125,0.0020507812500003553,41.57739639214539,0.0032335962951322017,1007.4473898998649,0.006435707208026997,48.42309166808451,0.05383141157175331,222910.5,149.5
1776295652.2306511,26.07951171875,0.0006835937499989342,41.55369198868479,0.009087872170422173,1007.411377855809,0.009071103656708601,48.7243185638541,0.07587735619199876,223662.5,301.5
1776295654.2979305,26.083125000000003,0.0023437499999996447,41.476015499602035,0.02075532303074823,1007.3676118092485,0.014819078789003015,49.0904167396833,0.12396199157275589,224120.0,1060.0
1776295656.3414686,26.09064453125,0.001074218749998579,41.416815844407324,0.014887111517811746,1007.3071159731808,0.01332296815138534,49.59647819344217,0.1114524053868422,224192.0,530.0
1776295658.3930542,26.094257812499997,0.0015625000000003553,41.33320045481889,0.008825670186837442,1007.2403250863521,0.014307501025768943,50.15522801297737,0.11969487602668494,224267.0,0.0
1776295660.4184916,26.1008984375,0.001367187500001421,41.30394333696675,0.008845984690658781,1007.1978922558815,0.009309266665752602,50.510221755156174,0.07788289007643812,223740.5,829.5
1776295662.4572241,26.101679687500003,0.0005859375000003553,41.26804282239161,0.021056205660443084,1007.1840969140115,0.0008271013026615037,50.62563625548202,0.0069197452974911755,226185.5,1310.5
1776295664.509244,26.10197265625,0.0006835937499989342,41.208110500248154,0.0029217081461929695,1007.1845688917065,0.0006697760449014822,50.62168756689938,0.00560351901657441,227340.5,467.5
1776295666.5646205,26.1036328125,0.0,41.22028611956517,0.008993583713131414,1007.1580209162538,0.0026565914447473915,50.84379716438557,0.022226203094724895,225794.5,614.5
1776295668.6097307,26.10548828125,0.0012695312499992895,41.238480499925465,0.00913569105674128,1007.1432993572746,0.004153583148593043,50.96696491296795,0.03475110011887139,226496.0,1469.0
1776295670.689102,26.10900390625,0.00146484375,41.25086449227463,0.008832486677668783,1007.1719868127349,0.009152157489666024,50.72695329501945,0.07657008292767387,225258.0,688.0
1776295672.7259405,26.0909375,0.0076171874999992895,41.323832000751416,0.01715029132892454,1007.2013259078794,0.008095031144591758,50.48149521382341,0.06772420461590656,228993.5,1185.5
1776295674.7489605,26.05734375,0.0087890625,41.41610506330533,0.023029967321221534,1007.2392931308452,0.004433968134890165,50.163860613104106,0.03709408830378891,235822.5,251.5
1776295676.795228,26.035078125,0.0033203124999996447,41.51869598490759,0.032662014822172125,1007.2583164055523,0.004389916155048468,50.00471521091964,0.036724992688036195,237089.0,847.0
1776295678.8715804,26.031757812499997,0.00039062499999964473,41.62045507246759,0.015067798736627225,1007.2742169799747,0.0032857203506182486,49.8716956151237,0.027487202316013537,235071.0,0.0
1776295680.9153414,26.03234375,0.0,41.71369738557552,0.02405210882813691,1007.2680776120899,0.002656307710708461,49.92305556186993,0.02222186309326446,234575.0,829.0
1776295682.955167,26.0305859375,0.00390625,41.773639624146554,0.005576814957642284,1007.2767558538415,0.0025601673193591523,49.85045628011395,0.021417432384239987,237342.0,594.0
1776295684.9764225,26.02453125,0.0009765625,41.79100650703031,0.005906139688057976,1007.2864793027521,0.003738984855885974,49.769113771661736,0.03127874839593048,238535.0,86.0
1776295687.0335548,26.01095703125,0.005761718749999645,41.783467271864595,0.0006466226123933438,1007.3009083895811,0.00308649575202935,49.64840688664229,0.025820004097987237,239482.0,0.0
1776295689.0999882,25.9909375,0.0023437499999996447,41.775205737650424,0.00026295038027868145,1007.298752269593,0.0006501308611746026,49.66644384024941,0.005438663114375686,241399.0,0.0
1776295691.1355748,25.990546875,0.0003906250000014211,41.75711919492605,0.017998889878931834,1007.3025497215551,0.0024002233659530248,49.634676360883944,0.02007898288612253,240001.5,173.5
1776295693.1714199,25.9903515625,0.0029296875,41.71199651432878,0.015359771744073214,1007.3084326424243,0.003835630813739499,49.58546314281688,0.032086680915384136,240262.0,87.0
1776295695.19911,25.97287109375,0.003613281249998934,41.68598945019028,0.0034103789660662187,1007.2962004075275,0.001395858178227627,49.68779144345051,0.011677061356753171,242368.5,265.5
1776295697.2417877,25.963984375,0.0,41.663955879476916,0.00601061511149581,1007.2969307474049,0.0,49.68168177533917,0.0,240440.5,958.5
1776295699.300065,25.968281249999997,0.0015625000000003553,41.694492940575145,0.006186760526677659,1007.2976576026663,0.0016325647409871635,49.67560127687176,0.013657215767789666,237172.0,424.0
1776295701.3474975,25.969843750000003,0.0015625000000003553,41.72773654805609,0.014857345860463056,1007.2966341084484,0.00013814680602308727,49.68416330950857,0.0011556676703747826,238192.5,256.5
1776295703.4112487,25.9618359375,0.0009765625,41.75690585575682,0.008911457442252413,1007.2908125836897,0.00245903767006439,49.732863432851445,0.020571185929657787,239919.0,954.0
1776295705.4246013,25.95568359375,0.0041992187499992895,41.76523689611794,0.00047090028771634707,1007.2950635627526,0.000569659630912156,49.69730172525678,0.004765495981427392,241490.5,966.5
1776295707.4788282,25.94943359375,0.00048828125,41.81566541231496,0.021001173612727797,1007.297386344803,9.845697564969669e-05,49.6778704750828,0.0008236417331879409,241135.5,87.5
1776295709.5339684,25.94826171875,0.00048828125,41.902788931968615,0.024021681920004312,1007.3016951162891,0.0009837725474426406,49.64182551707073,0.008229719781560618,240698.5,174.5
1776295711.578703,25.9346875,0.0041015625000007105,41.97049393967052,0.00857053925154716,1007.3037232960343,0.0013578903885900218,49.62485885693462,0.011359372855135774,241136.0,263.0
1776295713.594545,25.91203125,0.0029296875,41.958912795144116,0.012371361266374947,1007.2981965075933,0.0029508741105246372,49.671093090506574,0.024685518412400853,242280.0,0.0
1776295715.628553,25.907832031250003,0.0008789062499996447,41.895233639128364,0.009126539181384175,1007.2923144180859,0.0005311584962441884,49.72029976048796,0.004443423995848406,241236.0,1754.0
1776295717.6607893,25.893085937499997,0.006249999999999645,41.851453848664605,0.009726881968024514,1007.2835991231224,0.0012199927946312528,49.793208108677476,0.01020596164110188,242990.0,0.0
1776295719.7437289,25.86564453125,0.006933593750000355,41.818293957057115,0.00980080041201603,1007.2747833038211,0.0040927399746237825,49.8669579664014,0.03423843434081775,244159.5,1347.5
1776295721.7835617,25.83693359375,0.00927734375,41.800036869022605,0.007054523565617643,1007.2736554741379,0.001866020026454862,49.876392955607,0.015610486488967013,245235.0,272.0
1776295723.840389,25.795429687499997,0.012109374999999645,41.78335750411927,0.007370179360400186,1007.2784585108808,4.516231626894296e-05,49.836212455819805,0.00037781106171053125,246786.5,550.5
1776295725.850444,25.761249999999997,0.0035156250000003553,41.740448359085704,0.002612342570913029,1007.2800131868187,0.0031839945015121884,49.823206660104844,0.02663607486826791,246244.0,1462.0
1776295727.874984,25.753828125,0.0007812500000010658,41.71557350919328,0.003092703529844698,1007.2804410851818,0.006569593311667176,49.819627138422675,0.05495867503294605,242020.5,1147.5
1776295729.9569592,25.748652343750003,0.0028320312499996447,41.73002200502263,0.01170536249419385,1007.2712133738644,0.0001395975878608624,49.896822741180685,0.001167828054995823,242376.0,1328.0
1776295732.0027404,25.73908203125,0.001074218749998579,41.80109943002031,0.017920478344208846,1007.2699479728282,0.0026165400297486485,49.90740870336646,0.02188914584829149,241486.5,263.5
1776295734.0174365,25.73791015625,0.00029296874999928946,41.897213068281474,0.012067051523928285,1007.258323702481,0.0030679030516580497,50.00465413340065,0.025665345873338907,238621.5,343.5
1776295736.056957,25.73751953125,0.0020507812500003553,41.97239955679753,0.00879922144128642,1007.2630042439843,0.0020046020771360418,49.965497894045704,0.016769960199624734,239570.0,605.0
1776295738.1415768,25.734296875,0.0007812500000010658,42.00816034896953,0.014964831961087555,1007.2551546931029,0.003914346477984054,50.03116536434888,0.03274657329850683,241576.5,703.5
1776295740.1719837,25.71173828125,0.01240234375000071,42.05680831434064,0.013441183655110933,1007.2568479962146,0.0005215292776483693,50.01699951696527,0.004362994834671952,244161.5,1527.5
1776295742.2303827,25.676777343749997,0.006933593750000355,42.05588532877853,0.015835912451667156,1007.2412023921387,0.005866937637392766,50.14788800562945,0.049082077757852005,245781.0,637.0
1776295744.2953148,25.65373046875,0.006542968749998934,42.00512623192661,0.03384678505380734,1007.2111314461326,0.0087771070452618,50.39946102068,0.07342997169496357,245871.0,0.0
1776295746.334159,25.631953125,0.0070312500000007105,41.978597010593504,0.002219850046110139,1007.176027565678,0.006024624892006614,50.693146867770906,0.05040391072214945,246419.0,183.0
1776295748.3916886,25.609980468750003,0.0028320312499996447,41.98816754646018,0.0026915519360670714,1007.1565365775606,0.002795382897147647,50.85621579946207,0.023387420849864782,246145.5,456.5
1776295750.414249,25.60060546875,0.00341796875,42.01721307032392,0.0026260444663783744,1007.1290368522805,0.009048862942222513,51.086293566260586,0.07570849952567471,245053.5,271.5
1776295752.4488118,25.56466796875,0.015917968750001066,42.04327739698469,0.004799483726682041,1007.1056151122315,0.007078495593759726,51.28225636678752,0.0592242776955878,246053.5,364.5
1776295754.5244749,25.52072265625,0.006542968749998934,42.04134930487798,0.0007350964613799249,1007.0807839818747,0.007893106615654233,51.49001530516781,0.06604127452009578,246520.0,1557.0
1776295756.564203,25.49962890625,0.0051757812499992895,42.02994978960176,0.0035911743036436405,1007.059166676742,0.003919921423118922,51.67088775662602,0.03279837950670128,246877.5,459.5
1776295758.6107435,25.478535156249997,0.004980468750000355,42.030590862220905,0.005460393038806188,1007.0375488506776,0.007143937377236398,51.85176798844971,0.059775086453878856,246144.5,273.5
1776295760.638266,25.46125,0.00390625,42.05573982992518,0.00859182877686493,1007.0167621129756,0.005412304734420559,52.025697131263534,0.04528684583341658,246878.5,642.5
1776295762.685178,25.44669921875,0.004003906250000355,42.07818795063662,0.0025606582367423414,1006.9924214302214,0.008223582430446186,52.22936715474749,0.0688112397430487,247153.0,184.0
1776295764.7128782,25.43390625,0.0027343749999992895,42.10083623912642,0.008725359519100806,1006.9620684177123,0.0052923795865353895,52.48335048020674,0.044285333307211516,245605.5,1363.5
1776295766.7676265,25.423359374999997,0.0015625000000003553,42.14783117251492,0.008859353177371077,1006.9353365269126,0.000749511011292725,52.70703869255783,0.006271858981637735,243614.5,268.5
1776295768.8451238,25.4102734375,0.0029296875,42.19455255480801,0.014732661752390186,1006.9230882479491,0.002953422444534226,52.80953201974587,0.02471428871372794,246420.0,549.0
1776295770.8560324,25.40021484375,0.00244140625,42.23258624353231,0.011777540909047703,1006.8980285587372,0.005704540403428382,53.019234113793914,0.047736652044910954,245416.0,91.0
1776295772.8973079,25.3911328125,0.0027343749999992895,42.30389291261407,0.011749154322750144,1006.8754278968744,0.005292169905828814,53.20836234712329,0.04428666412766802,245689.0,182.0
1776295774.926645,25.38224609375,0.00146484375,42.34509668555952,0.011895062596359196,1006.8540268903884,0.008552929562256395,53.387454886267264,0.07157503340875948,245598.0,273.0
1776295777.0047157,25.37755859375,0.0026367187500007105,42.368689523390586,0.000297736603091181,1006.8332031508318,0.004250101841648757,53.56171924073037,0.03556749455201924,245690.0,546.0
1776295779.0514872,25.35666015625,0.005175781250001066,42.35426888533388,0.0005841904939387632,1006.8119002248329,0.006573837411622208,53.73999698155412,0.055014901009734274,247799.0,278.0
1776295781.05852,25.33146484375,0.005957031250000355,42.3393665059276,0.012731149031893096,1006.7960529868075,0.0007576592673785854,53.87261949547391,0.006340753236866448,250229.0,472.0
1776295783.1090655,25.30783203125,0.004980468750000355,42.312584828363654,0.0005614866482801517,1006.7871450878233,0.005375003461381311,53.94716892191852,0.04498303685504723,250041.5,659.5
1776295785.192849,25.29123046875,0.00341796875,42.295643683682115,0.003398967676549347,1006.7798411252254,0.0028564656674916478,54.00829539580691,0.02390570649877688,249007.0,0.0
1776295787.1911561,25.26203125,0.007421874999998579,42.28632662271811,0.0021775043862071186,1006.765494389849,0.004889218335051737,54.12836369527227,0.040918246798323565,250609.0,852.0
1776295789.2632487,25.2411328125,0.004296874999999645,42.29301328249031,0.005543097629658433,1006.7450711401611,0.007810978616191733,54.29928898186621,0.065371758583467,247891.5,370.5
1776295791.3103895,25.22609375,0.0029296875,42.366673182095205,0.014743642618746833,1006.734092652362,0.0011854873567926916,54.39117051052122,0.009921686050457623,248542.0,465.0
1776295793.3582845,25.2200390625,0.0005859374999985789,42.444392518587776,0.008982399365024207,1006.7199108066127,0.0035974611963069947,54.5098631889816,0.03010853510305722,245602.0,1000.0
1776295795.4072492,25.2200390625,0.0005859374999985789,42.48360749097424,0.005967579111679556,1006.709299132172,6.0227247729471856e-05,54.59867670545232,0.000504069282698083,245236.5,634.5
1776295797.4467404,25.2122265625,0.0027343749999992895,42.524965789669665,0.00572596627876365,1006.6852095752552,0.009713523409061509,54.80029545545229,0.0812984789551976,246603.0,550.0
1776295799.4958062,25.20392578125,0.0026367187500007105,42.53006251563127,0.011772459533947455,1006.6682917580322,0.00601887403507817,54.94189188827888,0.05037636107822152,247525.0,923.0
1776295801.5060036,25.1899609375,0.00390625,42.53753591452647,0.00861140579372588,1006.6484336771812,0.0018754236845097694,55.108099915257625,0.015697043872528127,247522.0,369.0
1776295803.5470037,25.1735546875,0.004687500000001066,42.54473353609953,0.006565815210617387,1006.6290614148455,0.008440330877647284,55.27024463540049,0.07064553447200339,249294.0,1217.0
1776295805.6257155,25.1458203125,0.00859374999999929,42.53556164845518,0.0009716585852928006,1006.6011544302102,0.00147410741396925,55.50382837035414,0.012338549914321817,251175.5,285.5
1776295807.6414144,25.118183593749997,0.006738281249999645,42.541489645272065,0.0037792916609937777,1006.5919714683619,0.0002522639447875008,55.58069172513861,0.0021115111656619945,250796.0,474.0
1776295809.7357078,25.08751953125,0.01103515624999929,42.52293761110278,0.0012468228782296364,1006.5779054791476,0.00364334167107927,55.698428219655646,0.030496009548926395,251087.0,1330.0
1776295811.7321217,25.05900390625,0.005566406249998934,42.51971632508179,0.0066624567141069235,1006.5628799497247,0.0007513626604804813,55.82419773112632,0.006289237160558514,250040.0,471.0
1776295813.8136222,25.03478515625,0.0041992187499992895,42.510947634797006,0.005559033176030681,1006.5477067420476,0.0032334116527863443,55.9512049860422,0.027065413284176998,250511.0,0.0
1776295815.8355224,25.0223828125,0.002148437499998934,42.530664801194035,0.014841816347846759,1006.5285969003164,0.002579473457728909,56.11116596655208,0.02159192702313817,249475.5,93.5
1776295817.8826265,25.013984375,0.002539062499998579,42.59006653229517,0.03291018902843845,1006.5221299086952,0.0014411930006872353,56.16529915958233,0.012063817091267026,248915.5,653.5
1776295819.8985546,25.006171875,0.0031250000000007105,42.69182177154966,0.026823692741878347,1006.5166073849716,0.004153855358879355,56.21152679021964,0.03477089735457284,248262.5,185.5
1776295821.9382186,24.9895703125,0.00390625,42.80472696896479,0.026752056560368942,1006.5013356078928,0.004529392534209364,56.339363860812924,0.03791489210860988,248450.0,744.0
1776295823.9889765,24.9794140625,0.0023437499999996447,42.92750736865159,0.023924494796798257,1006.4796587091332,0.007314258358405823,56.52081974938025,0.06122767027232712,247988.0,1019.0
1776295826.0363662,24.96896484375,0.0020507812500003553,43.04731631630309,0.03002627569261307,1006.454857864898,0.0059579069893516134,56.72842967294192,0.049874645547347995,247431.0,646.0
1776295828.0832732,24.96583984375,0.00048828125,43.14079252994818,0.033248698800200316,1006.438328735899,0.006090839977503037,56.86679872854742,0.050988128072695815,245419.0,817.0
1776295830.1659195,24.967402343750003,0.0010742187500003553,43.268180994521835,0.027392780848948917,1006.4187487889258,0.01152758610987803,57.03070956442285,0.09650217344323053,243435.5,89.5
1776295832.206703,24.9630078125,0.0029296875,43.37375798715148,0.011791521582161124,1006.385146350068,0.005606571512601022,57.31201288731313,0.04693618929988119,245598.0,91.0
1776295834.2192104,24.95412109375,0.0012695312499992895,43.40002717411698,0.0031779354303367313,1006.3637496235613,0.006466106517962089,57.49114012110523,0.05413283744576347,247708.5,739.5
1776295836.2644513,24.944843749999997,0.0023437499999996447,43.438386778699766,0.005796871657953062,1006.3328843002623,0.006429742178568176,57.74954110177459,0.05382973989475914,247061.0,276.0
1776295838.3080814,24.94162109375,0.0002929687500010658,43.48655167453545,0.018236491653031095,1006.3082434751876,0.002179498354507814,57.95583577491389,0.018247101103757046,246969.0,0.0
1776295840.376529,24.9409375,0.0,43.50771012012807,0.0030341837094525204,1006.2974185617052,0.007071289513021384,58.04646419075511,0.05920245743099173,248634.5,186.5
1776295842.3854318,24.94318359375,0.00029296874999928946,43.507968477537176,0.009068922631822574,1006.2771733488933,0.004891791872012163,58.2159630479104,0.0409558705354911,249201.0,1310.0
1776295844.47312,24.94767578125,0.001660156249998934,43.535795844134654,0.01839921811310674,1006.2587804246673,0.00439548513969612,58.369956460054,0.0368011537206101,247337.5,368.5
1776295846.491848,24.95734375,0.003515624999998579,43.597613294898856,0.006476508676833248,1006.247845441223,0.00494076874952043,58.46150991540989,0.04136689907315727,244873.0,271.0
1776295848.5236018,24.97150390625,0.00341796875,43.65693819673398,0.0216529941707293,1006.2441500566214,0.001973095854282292,58.49244973376291,0.0165199190463845,244512.0,90.0
1776295850.5854158,24.982929687499997,0.0035156250000003553,43.73419826637285,0.01255960955917601,1006.2431183044822,0.005666214276175197,58.50108826816334,0.04744091811639706,245326.0,363.0
1776295852.6159596,24.99337890625,0.00244140625,43.762752860555835,0.002756984942699603,1006.2493518019651,0.0039348451598471,58.448897792324004,0.032944700216489764,246788.5,917.5
1776295854.6674871,24.9985546875,0.00019531250000071054,43.73904047586,0.0090932272061508,1006.2647655952287,0.005618725811075365,58.31984584356477,0.04704249699151575,247892.5,555.5
1776295856.6895897,24.998359375,0.0,43.68737126123672,0.024301305690034525,1006.2724067042608,0.0008839891809202527,58.25587113855282,0.007401109096040415,250234.0,1227.0
1776295858.7398999,24.994453125,0.0029296875,43.59278074733897,0.02766087745337842,1006.2943982911156,0.006769778399586812,58.071750605423546,0.056678274984864885,250892.5,758.5
1776295860.762677,24.97853515625,0.0041992187499992895,43.4786596393094,0.030820723720932364,1006.3376911144396,0.010026662653842777,57.7092987767318,0.08394279898660528,253097.0,1255.0
1776295862.8062267,24.96232421875,0.005761718749999645,43.36761873765816,0.030978130209103227,1006.3610617315034,0.00927517004083711,57.5136427420745,0.0776498742392775,252899.0,482.0
1776295864.90251,24.94328125,0.004296874999999645,43.2654192214767,0.015640799039182696,1006.3798648816748,0.0010286001415238388,57.356227422500915,0.008611105021181231,254159.0,584.0
1776295866.901552,24.9309765625,0.001562499999998579,43.21857057837394,0.006236473825069311,1006.3847787444001,0.0036684680993630536,57.31509028894921,0.030711097447596813,253866.0,291.0
1776295868.9933822,24.91525390625,0.005761718749999645,43.195572905460054,0.0036867224697907375,1006.3894849128728,0.004869023055618982,57.27569204575928,0.04076155803931414,253866.5,485.5
1776295870.982313,24.90548828125,0.00048828125,43.1944571879953,0.003084165950543394,1006.3887675958442,0.0045160287003227495,57.281697134146995,0.03780644907674713,252228.0,767.0
1776295873.0217128,24.905878906250003,0.0010742187500003553,43.20358719229601,0.00012273806791540665,1006.3902811974139,0.002615625665157495,57.269025808132525,0.02189698176408328,251938.0,287.0
1776295875.0888035,24.89767578125,0.005761718749999645,43.20870708577929,0.0006583410290730285,1006.3903146458158,0.0039854960053276045,57.26874582181868,0.03336499261362036,254450.0,293.0
1776295877.161649,24.8794140625,0.0041015625000007105,43.20056394867436,0.00652527721544871,1006.3918085584719,0.00042559067162528663,57.25623933191905,0.003562872107057302,255134.5,196.5
1776295879.228766,24.870234375000003,0.0013671874999996447,43.18134676212334,0.012268091675988302,1006.3876152466021,0.003087965000361237,57.29134412509369,0.02585127498763029,255037.0,294.0
1776295881.2257416,24.8587109375,0.003320312500001421,43.155809002300664,0.0003788949044789547,1006.3858296467687,0.0017174113019109427,57.306292480067285,0.014377538479504182,255232.5,98.5
1776295883.2764177,24.843378906250003,0.0030273437500003553,43.15708695869226,0.002682015089330747,1006.3946951281914,0.003113247607188896,57.23207420366676,0.026062782947633423,256617.5,893.5
1776295885.3486798,24.817109375,0.010156249999999645,43.151062727058545,0.0011584835235716184,1006.3938782695318,0.0013511839969737593,57.23891257219708,0.011311544350824931,256515.5,198.5
1776295887.399226,24.7860546875,0.004101562499998934,43.168711624848086,0.008614335705676268,1006.3826923324698,0.004875025827573154,57.33255702970122,0.040812033938902204,257311.5,399.5
1776295889.4148827,24.756171875,0.006250000000001421,43.18649497113371,0.0007130283197120945,1006.372508882243,0.003008076867502041,57.41780966054584,0.025182787826796726,257711.5,400.5
1776295891.4550242,24.742792968750003,0.0010742187500003553,43.20010720500221,0.008960792335333423,1006.3747954676687,0.0009188474022607807,57.398666989561214,0.007692322247116579,256219.0,495.0
1776295893.4894063,24.74181640625,0.00029296874999928946,43.24541940955517,0.018205059197470064,1006.3820572595582,0.003945814562598571,57.33787361471728,0.03303301476064391,255527.5,196.5
1776295895.5133927,24.74435546875,0.00048828125,43.269939499072805,0.012172001084888251,1006.3711293558548,0.006089166974561522,57.42935877485031,0.05097687888886071,255430.0,492.0
1776295897.5969229,24.74806640625,0.0012695312499992895,43.28550913445427,0.0031744390014480928,1006.3718109605101,0.0032549116834843517,57.423652475170904,0.027249235957981455,255725.0,394.0
1776295899.6187425,24.73849609375,0.005761718749999645,43.29956256005761,0.0006585968548016297,1006.3334054015029,0.009289903039018554,57.745178599527506,0.07777494659625006,257013.0,498.0
1776295901.6598756,24.71662109375,0.0061523437499992895,43.32432956302651,0.008386304424519153,1006.3043206113434,0.007268892994716225,57.98867881836839,0.060856501122032114,256814.0,497.0
1776295903.7145615,24.681953125,0.006445312499998579,43.34460558942,0.0022931247769868435,1006.2749308531924,0.004207318499538815,58.23473803798626,0.03522527270168396,256916.5,994.5
1776295905.7802632,24.64904296875,0.01123046875,43.383267318250816,0.0017459401280994769,1006.2580916420881,0.00220487837748351,58.37572323794443,0.018460331566313215,258012.5,501.5
1776295907.8243778,24.6184765625,0.0037109374999992895,43.39795521748323,0.008667932875663809,1006.239728134572,0.008634048180169884,58.529472969964495,0.0722895870482958,259018.5,303.5
1776295909.853218,24.60177734375,0.003222656250001066,43.423323527087206,0.005693620559622303,1006.21898589724,0.0034294343579404085,58.70314103706319,0.02871382302852865,258212.0,100.0
1776295911.8858047,24.580683593750003,0.007714843749999645,43.44516016454955,0.005179945967920929,1006.2097092227102,7.207815139054219e-05,58.780812635745605,0.0006034974028708007,259633.0,1321.0
1776295913.970032,24.54513671875,0.01025390625,43.46534427002157,0.010953088721549875,1006.2265941607252,0.006432512212825259,58.639439184926694,0.05385753661870751,258816.0,101.0
1776295915.9668083,24.49328125,0.01152343749999929,43.53521184550846,0.013843544572928579,1006.2268881067939,0.003567367614834893,58.6369779645464,0.029868514842817717,260441.5,306.5
1776295918.0081804,24.4591015625,0.0060546875000007105,43.61622987013078,0.020543996545438148,1006.2203470297154,0.0009320128432932506,58.691744574156445,0.007803509192118696,258819.5,908.5
1776295920.098435,24.439375,0.0033203124999996447,43.79307488783043,0.0603614619245576,1006.2176801232664,0.0008277106985588034,58.714073934627,0.006930228431386354,257811.5,300.5
1776295922.127542,24.41427734375,0.008105468750001066,44.002906723509476,0.04163582748790873,1006.2125314368889,0.005123757971546183,58.757182859027225,0.04290020698077868,259121.5,809.5
1776295924.1806602,24.3880078125,0.00996093750000071,44.12154046736848,0.017104747502607154,1006.2213868914063,0.0024805922258792634,58.68303809512711,0.02076935760729981,259221.0,304.0
1776295926.2229488,24.3450390625,0.0078125,44.195696871833675,0.02344734669148707,1006.2350956498424,0.0024112880767575007,58.568258835667606,0.02018886916789242,259525.0,0.0
1776295928.2746136,24.314375,0.0087890625,44.33222059989632,0.029443253088416554,1006.2324375301404,4.813028249373019e-05,58.59051434366464,0.0004029788341455287,259633.0,1321.0
1776295930.2919002,24.277265625,0.010546875000001066,44.4040817861937,0.0018221770681137173,1006.2343896652087,0.002885131624850601,58.57416980747151,0.02415620868956836,259831.5,712.5
1776295932.3385088,24.249140625000003,0.0035156250000003553,44.40690980019798,0.009550547589693537,1006.234052740896,0.0012564285720486623,58.5769907358097,0.010519644496344682,259831.5,712.5
1776295934.4039943,24.23302734375,0.0026367187500007105,44.40808540703203,0.005788467675323261,1006.2292501823729,0.0036929617232885903,58.61720102561331,0.030920018427650575,259831.5,712.5
1776295936.451018,24.2282421875,0.00039062499999964473,44.434958350661695,0.01519367285305151,1006.2330090429905,0.004667442480297268,58.585729331307064,0.03907892412651037,257513.0,799.0
1776295938.5005322,24.20353515625,0.009667968749999645,44.47780831878801,0.0011239763676691439,1006.238179643666,0.0029440513665122126,58.5424376789216,0.024649448122644912,261268.5,1337.5
1776295940.5196385,24.151875,0.0126953125,44.45656409518719,0.0045226228784542855,1006.2316457884966,0.004590928877973965,58.59714340598258,0.038438343665657015,261159.5,411.5
1776295942.5292664,24.124140625000003,0.0033203124999996447,44.4929689462013,0.024001444760415325,1006.2133850315656,0.0018257122026739125,58.750035805720145,0.015286314852271943,263023.5,625.5
1776295944.6031442,24.120234375000003,0.0005859375000003553,44.59009081257922,0.01823262245446955,1006.2106139817824,0.0061169389838937605,58.77323737946956,0.051215993197221366,259018.5,303.5
1776295946.6188076,24.11505859375,0.0036132812500007105,44.69627761612193,0.033150819340516335,1006.2243329550251,0.00034977798833324414,58.658371474770675,0.0029285937542944396,260034.5,509.5
1776295948.6594183,24.0770703125,0.010937499999998934,44.75594578482172,0.023146907441194742,1006.2080619561784,0.0052889282242176705,58.79460500565118,0.04428330394173585,263022.0,0.0
1776295950.7296638,24.04181640625,0.0075195312500007105,44.83122102486497,0.023554509680391078,1006.2103213281052,0.002872589303933637,58.77568761635222,0.024051661997390283,261265.0,926.0
1776295952.7641973,23.98830078125,0.01630859375000071,44.92271890432295,0.016425665090739727,1006.217529123106,0.0007206347222563636,58.71533822323591,0.00603370701460193,263964.0,105.0
1776295954.7939248,23.93068359375,0.01533203125000071,45.00154803021375,0.016545279837878013,1006.2163395239769,0.0026789060799501385,58.72529848740906,0.022429879354305626,265655.0,319.0
1776295956.8313553,23.8813671875,0.00898437500000071,45.075261545865,0.023409821004719333,1006.2126475350412,0.0022673571899076705,58.75621072119681,0.018984129265717797,265552.5,1062.5
1776295958.8852308,23.8176953125,0.02128906249999929,45.15037224153227,0.006680137923652296,1006.2148938519631,0.0025945089795982312,58.737402780254,0.021723266645604866,267157.0,1183.0
1776295960.9449863,23.75470703125,0.010644531250001421,45.234769397656876,0.02629185911726495,1006.2041100047,0.007475919812691245,58.82769417547055,0.06259481469718509,264818.5,1796.5
1776295962.9898503,23.718378906250003,0.009667968749999645,45.32845016043734,0.014172004978515673,1006.1904679942562,0.00027492353785874,58.94191723011397,0.002301921002796803,265551.0,850.0
1776295965.0318751,23.6719921875,0.01171875,45.40261414860345,0.020060983777053565,1006.1923434715922,0.0003910170012204617,58.926213964496,0.0032739608093343975,265974.0,213.0
1776295967.0650864,23.636640625,0.007226562499999645,45.49342171757773,0.011405863351054535,1006.1820315086597,0.008137115344140966,59.012555963728424,0.06813212145279124,265872.5,1171.5
1776295969.1504385,23.607734375,0.0066406249999992895,45.56970271753316,0.017610042921496927,1006.1785912121878,0.0025111347520123672,59.04136142725226,0.021025806361073762,263754.0,105.0
1776295971.1954484,23.5837109375,0.006640625000001066,45.60672400661093,0.008414827557881921,1006.19096869601,0.002510202914209003,58.937724901243385,0.021017794706587267,265661.5,1382.5
1776295973.2348368,23.558710937500003,0.005468750000000355,45.65590385194659,0.011621839125098177,1006.1964740256478,0.0026372045158495894,58.89162917502367,0.02208107449940755,264913.0,423.0
1776295975.253243,23.53888671875,0.004003906249998579,45.70263908809362,0.01793267466521442,1006.2006306012918,0.0005916410974577957,58.85682657966416,0.004953740741910906,264491.5,632.5
1776295977.2978983,23.52599609375,0.0026367187500007105,45.7317940180978,0.011960705413471828,1006.2027501371413,0.0024930849919542197,58.83907999226891,0.02087426935808523,266295.0,534.0
1776295979.374481,23.51955078125,0.0012695312499992895,45.767852434976575,0.005987270258980715,1006.2011636986382,0.0002857697681974969,58.852363018863066,0.0023927153488116915,265232.0,742.0
1776295981.4257486,23.514765625000003,0.0033203124999996447,45.78876870965635,0.008814414160955408,1006.1996116084765,0.0009509829503144829,58.865358491022704,0.007962473988136765,265230.0,318.0
1776295983.4886584,23.50490234375,0.00341796875,45.80908620671588,0.0004043662756672006,1006.1828051243704,0.003754515565958627,59.00607830062292,0.03143656449107013,264490.0,211.0
1776295985.5176175,23.4946484375,0.0021484375000007105,45.84163896587968,0.008955407070413202,1006.1706596034692,0.002586781252887249,59.107773237456186,0.021659335020888904,265548.5,212.5
1776295987.551966,23.48537109375,0.0041992187499992895,45.88352405719074,0.008714478406606219,1006.1653821579575,0.005015960162893407,59.15196188462218,0.04199923086175161,267048.5,1074.5
1776295989.5862732,23.471308593750003,0.0030273437500003553,45.89721263337722,0.018066170725202113,1006.1506148309087,0.0030492734870222193,59.27561115117035,0.025532232898150653,266832.5,858.5
1776295991.637216,23.455390625,0.0048828125,45.92603641937954,0.0117063828702193,1006.1522527472039,0.004356169221466644,59.26189656193808,0.036475108244054866,267583.0,108.0
1776295993.679434,23.44044921875,0.0026367187500007105,45.951908513557214,0.00890238876490912,1006.1537025186293,0.0033754054602468386,59.24975730668436,0.02826293690973003,266401.0,0.0
1776295995.7514155,23.42560546875,0.00244140625,45.94707761461822,0.006432312390810324,1006.1482542213653,0.003112689419651815,59.29537707054756,0.026063277865606693,267259.5,215.5
1776295997.7993927,23.41779296875,0.002832031250001421,45.94615182105282,0.006478479617396005,1006.1515127610256,0.0028090843411519018,59.268092584160286,0.023521059724611604,268557.0,0.0
1776295999.8352232,23.4071484375,0.003124999999998934,45.935676810024844,0.009583850456554188,1006.152843553238,0.0006368098123630261,59.25694955910622,0.005332138079143789,267583.0,108.0
1776296001.8752356,23.39787109375,0.0018554687499996447,45.95914872847703,0.008994904418383243,1006.1519724292064,0.004940136141840412,59.264243741215964,0.04136479369820378,268234.0,759.0
1776296003.9471626,23.38751953125,0.001855468750001421,45.98864013391657,0.008996260692079261,1006.1634748671892,0.003176382557967372,59.167931818491475,0.026596269662995553,268666.5,326.5
1776296005.9632537,23.382734375,0.0007812500000010658,46.00650614153818,0.009124483921123527,1006.1769107206792,0.0003797538995513605,59.05543222165751,0.0031796950561862047,269322.0,765.0
1776296008.0019398,23.377265625,0.0005859374999985789,45.99971286627797,0.00300276060764304,1006.1742524021295,0.0027096782492321836,59.07769048051702,0.02268829621909063,268233.0,542.0
1776296010.0777755,23.3784375,0.0009765625,46.01521367157007,0.0001158185626692898,1006.1664452611383,0.002831931574121427,59.14306034134401,0.023712079512716144,268560.0,869.0
1776296012.1261616,23.38107421875,0.0010742187500003553,46.033963575251356,0.018564593059672063,1006.1504221932323,2.898231696235598e-05,59.27722411730942,0.00024267530863397724,266615.0,214.0
1776296014.1655686,23.386640625,0.0015625000000003553,46.06228125024963,0.003258856609043903,1006.1532379160465,0.00012234996415827482,59.253647478308714,0.001024460811031247,264282.0,842.0
1776296016.1761305,23.39064453125,0.00029296874999928946,46.09041951189657,0.006182598729303379,1006.1579395016281,0.0013548416588378132,59.21428023906968,0.011344318251133245,265442.0,106.0
1776296018.2222145,23.396015625,0.0007812499999992895,46.1064276980955,0.0031670222976600826,1006.1454492937596,0.0013839025533002314,59.318863386949246,0.011587766504902675,264181.0,1367.0
1776296020.2963295,23.39904296875,0.00029296874999928946,46.08526917640261,0.006182483813397255,1006.1318198151278,0.002236628795060369,59.43298709903238,0.018728064668891875,266509.0,535.0
1776296022.3495972,23.39435546875,0.00029296874999928946,46.060123607872306,3.4776868837127495e-05,1006.1348325943271,0.0030541026405899174,59.407760104362964,0.025572993251799403,266407.5,1283.5
1776296024.3670514,23.393671875000003,0.0015625000000003553,46.0600425535665,0.005961273160153269,1006.1363741882392,0.005168276363122004,59.39485190446923,0.04327560273598152,266946.5,1610.5
1776296026.4305542,23.38810546875,0.0008789062499996447,46.037869721984976,0.003177242148208137,1006.137085860528,0.0014191516992241304,59.388892767163014,0.011882996508877142,268666.5,326.5
1776296028.4731522,23.377265625,0.0037109374999992895,46.024292513367286,0.003512844767023182,1006.1363365025799,0.00018029862656021578,59.395167368460726,0.0015096971261669978,269650.0,657.0
1776296030.4942794,23.369257812500003,0.00039062499999964473,46.02948801952323,0.003026394805633714,1006.1472136687278,0.004659763934796501,59.304089905763746,0.03901732795996793,266723.0,536.0
1776296032.5807836,23.371015625,0.0005859375000003553,46.03276927297127,6.950762438151514e-05,1006.1429980206418,0.004344406227005493,59.33938859485154,0.03637688517729032,265548.5,212.5
1776296034.6203382,23.37580078125,9.765624999857891e-05,46.042555682785434,0.003084576495272273,1006.1401435858476,0.001921210106502258,59.3632895236201,0.016086847393228965,266403.5,855.5
1776296036.675933,23.36681640625,0.0036132812500007105,46.044562669330794,0.0004287014656298993,1006.151207153416,0.003864726547135433,59.27065152562439,0.03236018404986396,267799.5,540.5
1776296038.726493,23.358515625,0.0,46.00056253525065,0.01228868285635798,1006.1624922716946,0.0008817388493866929,59.17615919190856,0.0073829213969744956,269978.5,549.5
1776296040.7815897,23.3606640625,0.0021484375000007105,45.95166885532088,0.0002544861971145451,1006.1650797880466,0.0052327327980492555,59.15449367163357,0.04381430457073776,270749.0,442.0
1776296042.7870026,23.37306640625,0.0026367187500007105,45.928568771600084,0.005829663242892025,1006.1709987057793,0.002494158013860215,59.104933904353416,0.020883787222288674,265124.0,212.0
1776296044.8568077,23.381171875,0.002343750000001421,45.88961024507114,0.0033476618638985656,1006.189377762425,0.0020210917809890816,58.951045704098135,0.016922515022891105,267583.5,539.5
1776296046.8973634,23.39484375,0.00390625,45.87894729281502,0.0026078942358225277,1006.2237999553322,0.011598576004814731,58.66283458659711,0.09711169070921244,265124.0,212.0
1776296048.9620295,23.41232421875,0.004589843749998934,45.88408693507266,0.012824551528694883,1006.2731911880023,0.012702806824961499,58.24930367155491,0.1063528850843376,264287.5,1473.5
1776296050.960749,23.4309765625,0.00390625,45.92928696178542,0.018889994494465157,1006.3341765397721,0.012481152505984028,57.7387228760383,0.10449198051669129,264174.5,315.5
1776296053.0019531,23.45119140625,0.0055664062500007105,45.98082946093396,0.0068045829159721904,1006.3950417993303,0.015162690030649628,57.22917276257125,0.12693554733053602,263232.5,626.5
1776296055.0910068,23.4696484375,0.003710937500001066,45.99223570324645,0.002632204233318447,1006.4283770101471,0.006875018724372239,56.95010778097692,0.05755316887748663,263544.5,104.5
1776296057.1312058,23.48927734375,0.0055664062500007105,45.988419671074524,0.002412013677702163,1006.4706607290211,0.011635625406654526,56.59614240593726,0.09740254691743289,262505.5,934.5
1776296059.1916597,23.51251953125,0.005761718750001421,46.00039614134178,0.006829529451035654,1006.5267186687263,0.018125138779339522,56.12688912326594,0.15171982636365655,261476.5,1545.5
1776296061.2008016,23.537226562500003,0.006445312500000355,46.0125485919737,0.009984746300435887,1006.5886721377436,0.01658388422868029,55.60830889495686,0.13881155198122386,261057.5,513.5
1776296063.2382195,23.56291015625,0.006542968749998934,46.05863148893597,0.022296081096850884,1006.6328002504949,0.005275579113970252,55.23895049744503,0.04415644252716433,258014.0,903.0
1776296065.3001368,23.5891796875,0.0066406249999992895,46.150930101359194,0.02539715183540281,1006.6496492755922,0.004550858257516666,55.09792558298457,0.03809003397727295,254359.5,1364.5
1776296067.3448873,23.6169140625,0.0068359375,46.32658537102993,0.06855536008226437,1006.6538666398819,0.004865718534404095,55.06262691576106,0.04072523139966577,249390.5,1499.5
1776296069.356497,23.6446484375,0.0070312500000007105,46.567152709070136,0.04709485807662617,1006.6677845047634,0.002534231459549119,54.946137362608845,0.02121084615117752,246236.5,365.5
1776296071.3922641,23.67287109375,0.0065429687500007105,46.74639059701065,0.037828101772802825,1006.6701381433481,0.0009016338875653673,54.92643803075619,0.007546422564576716,245780.0,91.0
1776296073.4683504,23.7001171875,0.006445312500000355,46.86083145614846,0.025488283894745223,1006.6665002544012,0.0028246543676573306,54.956886208808456,0.023641633397293305,243706.0,716.0
1776296075.5085878,23.72658203125,0.0065429687500007105,46.91963356508114,0.006970223975319101,1006.6607149545162,0.0035079144576570798,55.00530781390958,0.029360481924680215,240874.5,699.5
1776296077.5416968,23.7536328125,0.007031249999998934,46.94144349591296,0.013211679439450563,1006.668224275198,0.003413539867892723,54.94245661879283,0.02857041454632281,240699.0,524.0
1776296079.5360243,23.78244140625,0.007128906250001066,46.97583449370025,0.0070446466781852735,1006.6732754160014,0.000923533422849232,54.90017997250103,0.007729696022650501,240436.5,261.5
1776296081.570694,23.80861328125,0.0065429687500007105,47.00682563314258,0.016251301333738866,1006.6758305266324,0.00085900994935173,54.87879448925224,0.007189639246590218,239309.5,172.5
1776296083.6517584,23.83390625,0.006249999999999645,47.13052326440887,0.04407651280025249,1006.675198790326,0.002261964991816967,54.88408193668872,0.01893193501988577,239488.0,1210.0
1776296085.6677651,23.85998046875,0.00634765625,47.31634816902708,0.04723590438852199,1006.6802378492278,0.003189588155066758,54.84190670223702,0.026695740724292705,237094.0,1355.0
1776296087.7171745,23.884882812500003,0.006249999999999645,47.47433029956042,0.03486772384208692,1006.6886769718742,0.0012664642360959988,54.771274399084014,0.01059979212124773,236327.0,421.0
1776296089.760824,23.91134765625,0.005957031250000355,47.5768071679475,0.02864969638594772,1006.6846340294492,0.0018548042585848634,54.80511224901477,0.015524010024194013,237937.0,341.0
1776296091.7974236,23.93712890625,0.0061523437499992895,47.62960539508167,0.010063340801536924,1006.6803665465648,0.0015402754564206589,54.84082952419911,0.01289156717762907,235655.0,251.0
1776296093.8303916,23.9630078125,0.0066406249999992895,47.67622901578602,0.010126692237324875,1006.6771360368477,0.0036601231785766686,54.86786783356084,0.03063403123337949,236412.5,673.5
1776296095.8986442,23.9880078125,0.005859375,47.701025740505145,0.013137877842456902,1006.676896415795,0.0011321726280471012,54.869873342645235,0.009475915602365603,235571.5,167.5
1776296097.9057405,24.0110546875,0.0060546875000007105,47.73179865511101,0.0038483942966109908,1006.6752663451053,0.0009477625602585249,54.88351651026773,0.00793247388750018,235575.5,1003.5
1776296099.979875,24.0346875,0.005859375,47.725381986879256,0.005491962338311396,1006.6772276726413,0.0002507928438149065,54.86710082715514,0.002099053739204493,236495.5,421.5
1776296102.0211425,24.0594921875,0.005859375,47.69116241464175,0.000718743257223764,1006.6766647570128,0.002016884820989162,54.87181226064675,0.016880671226569888,235825.0,754.0
1776296104.0797246,24.0841015625,0.0060546875000007105,47.68797136438481,0.0007428139261058675,1006.6766665660408,0.000945908237781623,54.87179710898843,0.007916944876374288,235155.5,583.5
1776296106.1090379,24.11017578125,0.0065429687500007105,47.6849604269534,0.0008028519128160383,1006.6772645265025,0.0008506154237579722,54.86679237466893,0.007119371534923147,234987.5,249.5
1776296108.1653342,24.13693359375,0.00634765625,47.67892882382711,0.008536257596933439,1006.6736659293144,0.003879517806524291,54.896911542232715,0.03247038298238536,235990.0,84.0
1776296110.19642,24.1633984375,0.006445312499998579,47.60456359440491,0.01783309528697785,1006.671356792514,0.002457163700057663,54.91623830188249,0.020565750321747345,237852.0,426.0
1776296112.23891,24.1878125,0.005468749999998579,47.52687145698249,0.024151145133597396,1006.6666172577791,0.0026511907341841834,54.95590691736101,0.022189785134443696,238793.5,515.5
1776296114.3035538,24.210859375,0.005468750000000355,47.383929352683246,0.045834480337475725,1006.670263320656,0.004411552855742684,54.92539039465312,0.03692345542774689,240524.0,349.0
1776296116.373967,24.235859374999997,0.006445312500000355,47.213451309494836,0.04567362679341613,1006.6673467584656,0.00019355296336698302,54.949801162342546,0.001619987613096896,240786.0,262.0
1776296118.4209752,24.260078125,0.005273437500001421,46.996628398993245,0.06123044383421217,1006.6693473847223,0.002085442518819036,54.93305647250895,0.017454579631614564,241399.0,0.0
1776296120.4534004,24.28361328125,0.006152343750001066,46.75216454332357,0.054863429068539915,1006.6640611864748,0.0015507811230577315,54.97730058374086,0.012979666162273418,242016.5,617.5
1776296122.5119996,24.3059765625,0.005273437500001421,46.551087220215294,0.06108110535978639,1006.6559980484567,0.0012037293564048923,55.04478733124355,0.010074991430407465,243527.0,715.0
1776296124.5260308,24.32609375,0.0048828125,46.34995421043695,0.048730991039260374,1006.6478399804969,0.001834644873497382,55.1130690772912,0.01535573804124013,241927.0,353.0
1776296126.5649629,24.34640625,0.005468750000000355,46.21373681537734,0.03938451675272603,1006.652358248471,0.0008765886142327872,55.07525182426977,0.00733690558142186,242368.5,265.5
1776296128.6164823,24.36798828125,0.0051757812499992895,46.11778436118384,0.00861529937330019,1006.6580403536611,0.003052814159048012,55.02769365604485,0.025551446265005495,241311.0,88.0
1776296130.6828012,24.38517578125,0.003613281249998934,46.11060784727118,0.0004328295704461027,1006.6928395351026,0.01289575160029699,54.73643604539893,0.10793185047184295,241223.0,0.0
1776296132.7070987,24.4016796875,0.0048828125,46.106428154657195,0.0005849421608878913,1006.7530317575026,0.02201028347707279,54.232666503017896,0.18420761295742596,241311.0,88.0
1776296134.7557817,24.42326171875,0.005761718749999645,46.11209277531908,0.009926094121887274,1006.829369614637,0.015480577850382815,53.593801450067275,0.12955149933157273,240611.0,262.0
1776296136.7748995,24.44845703125,0.006152343750001066,46.124348333599,0.0007375344372952952,1006.8700290375978,0.007278774047790648,53.25354200602774,0.06091150261731926,239482.0,173.0
1776296138.8331063,24.4700390625,0.0060546875000007105,46.10846417291183,0.023903747067265613,1006.9234068774065,0.015070901649153257,52.80686645826422,0.12611352629375716,241311.5,438.5
1776296140.8932154,24.4915234375,0.0048828125,46.043317701549,0.011725742581809584,1006.9872284099263,0.015830129137611948,52.27282071958729,0.13245995513142717,239915.0,260.0
1776296142.9341156,24.51193359375,0.004980468750000355,46.061152852331574,0.022142877445727294,1007.0537352588065,0.01598833579186021,51.716333887918594,0.13377660888199827,240263.0,261.0
1776296144.941854,24.53498046875,0.005761718750001421,46.12548754944674,0.00992899133569125,1007.1200834238932,0.016366509968008813,51.16120449518124,0.13693353954225884,239486.5,1037.5
1776296146.98857,24.558710937500003,0.005468750000000355,46.162211199471585,0.0006565997608163343,1007.1628018238241,0.006176508854025542,50.8037981871783,0.051675169260974485,239051.0,258.0
1776296149.0278995,24.581171875000003,0.006445312500000355,46.13718922408053,0.008465322208760284,1007.1734347532977,0.0015683412855196366,50.714839062180616,0.013121264864402349,238882.0,946.0
1776296151.0610442,24.60490234375,0.005175781250001066,46.07537542853628,0.02400856605230217,1007.1772804911807,0.000402249725141246,50.68266438187201,0.0033653445954726635,239310.5,517.5
1776296153.092765,24.626972656249997,0.005761718749999645,46.02876732571417,0.0006905853669820772,1007.1837456478922,0.0022309750295335107,50.62857505433813,0.018664924457688414,237691.5,1617.5
1776296155.1731994,24.65119140625,0.0065429687500007105,46.087086022834555,0.019259545137881418,1007.1945599847625,0.005258473770254568,50.538099934481494,0.043993393511133405,236244.0,673.0
1776296157.2110395,24.67853515625,0.006738281250001421,46.1458022339373,0.013130468280539986,1007.2024635714978,0.002379014021585135,50.47197715801532,0.019903158140404997,235156.0,750.0
1776296159.230961,24.70529296875,0.006542968749998934,46.16442005044783,0.014616769644380412,1007.2050009581883,0.002606596377461301,50.45074905783551,0.02180709891168675,234823.5,747.5
1776296161.2607927,24.7341015625,0.007031249999998934,46.15247967777709,0.0008452640470224537,1007.2126120599485,0.0016266121640455822,50.38707384561126,0.013608349808414744,233089.0,0.0
1776296163.3266773,24.761738281249997,0.006933593750000355,46.143480219335345,0.011488522950589442,1007.2200964591093,0.0014683044044545568,50.32445903156719,0.01228386224112299,234326.0,745.0
1776296165.3685882,24.78830078125,0.006542968749998934,46.1220300515362,0.005374011777998788,1007.215239895546,0.0008371504791284679,50.36508920802477,0.007003643985740382,235071.0,333.0
1776296167.4231722,24.81359375,0.0056640624999992895,46.0696328865261,0.0177962161349825,1007.2189364498115,0.0029533117647702056,50.33416371775379,0.024707484765400523,234656.5,580.5
1776296169.4665842,24.8391796875,0.006250000000001421,46.0018902317516,0.01464163660102713,1007.2328248581973,0.0005206249690559162,50.217973544049315,0.004355513708528491,233504.0,1068.0
1776296171.5052123,24.865546875,0.007421874999998579,46.07896117448267,0.047089295693595545,1007.233830703391,0.0004856624736930826,50.20955871364325,0.0040630165243662475,229548.5,1270.5
1776296173.538802,24.89337890625,0.006738281250001421,46.30421169883658,0.05940777245288231,1007.2460358145147,0.0002657894814319661,50.10745215231842,0.0022235534313921335,227266.5,1011.5
1776296175.5790746,24.919550781250003,0.005761718749999645,46.53882988240207,0.056285638057847365,1007.2378817163119,0.00042679321023797456,50.175668292601095,0.0035705089679751723,224571.0,304.0
1776296177.6058803,24.94689453125,0.0071289062499992895,46.7213558652566,0.03796513849373895,1007.2431058223866,1.045435419655405e-05,50.13196403902394,8.745970574963735e-05,222985.5,74.5
1776296179.6217444,24.97404296875,0.006152343750001066,46.83599058944023,0.019311655184882426,1007.2480119688473,0.0015658962028624046,50.09091997391121,0.013100023079484657,223285.5,225.5
1776296181.681048,25.00041015625,0.00634765625,46.89490063723204,0.0069640092037843715,1007.2472347260347,0.0003675756988741341,50.09742225021132,0.0030750781177459885,224267.5,454.5
1776296183.7518091,25.025703125,0.006445312499998579,46.885606979858096,0.005403192498125264,1007.2403010316186,0.0019789433903270037,50.1554285768939,0.01655560869323125,223964.0,151.0
1776296185.8065183,25.05255859375,0.006738281250001421,46.8486544168207,0.008460918482761315,1007.2447254889096,0.002029225245280486,50.118414151753015,0.016976200420746324,224118.0,757.0
1776296187.8475502,25.0794140625,0.0066406249999992895,46.817894840107414,0.005377989287840279,1007.2456105058718,0.0016655381101600142,50.11101022792174,0.013933637343392036,222911.5,449.5
1776296189.8590047,25.1071484375,0.007031249999998934,46.802713707369485,0.0008571807779560459,1007.2452576051263,0.005457158862895994,50.11396263286581,0.045653770168815555,222314.0,447.0
1776296191.9049234,25.13595703125,0.00732421875,46.82169643225383,0.010175657690499662,1007.2351393891227,0.0014490324930989118,50.19861035712263,0.012122486472083693,222090.0,74.0
1776296193.9892592,25.163691406250003,0.006738281249999645,46.81579719091542,0.011554388514174008,1007.2250523545747,0.004163687681739248,50.282998050602714,0.03483335061608628,221868.5,593.5
1776296195.9828308,25.18888671875,0.006542968749998934,46.78483785396823,0.014670362796575631,1007.2232458097066,0.0025945776927756015,50.29811155402444,0.021706230782491787,221129.5,589.5
1776296198.0535216,25.215546875,0.006640625000001066,46.729317635767664,0.023933063506341057,1007.2237987229894,0.0007858447026478643,50.293485863287614,0.006574371984616079,220247.0,146.0
1776296200.0734382,25.24455078125,0.007910156250000355,46.65554446879207,0.014495039592148373,1007.2263597780346,0.0012607633663037632,50.27206011774068,0.010547516907404741,221423.0,148.0
1776296202.1360168,25.27384765625,0.006738281249999645,46.56947242128888,0.011541501688956401,1007.2311586012745,0.0006300796078448911,50.23191334790036,0.0052712109648211936,221796.0,815.0
1776296204.1987357,25.30158203125,0.0065429687500007105,46.507959028760595,0.008472775684630562,1007.2201676379796,0.007137057455338436,50.32386371185453,0.05970875338193693,221278.5,885.5
1776296206.2471585,25.32931640625,0.006933593750000355,46.47734892139247,0.007019785491245045,1007.2127102863549,0.00031703947809091915,50.38625206817984,0.0026523739798207657,220982.0,589.0
1776296208.3173003,25.356953125,0.0066406249999992895,46.47143928901957,0.0038954948963834113,1007.205975834178,0.0007904037439629974,50.44259311045765,0.006612607638935231,219810.0,291.0
1776296210.2985725,25.38498046875,0.00732421875,46.48411177949406,0.007068433747178915,1007.2034054467308,0.002080068725547335,50.46409729891858,0.017402127547100577,219446.5,217.5
1776296212.3614519,25.412421875,0.006250000000001421,46.47509002003096,0.005418648691232875,1007.197232790176,0.0005374726077320702,50.51573866712267,0.004496588585560346,220174.0,73.0
1776296214.4375458,25.43732421875,0.005957031249998579,46.43487305129578,0.01780746198626204,1007.2046547867445,0.0016433624336968933,50.45364515642045,0.013748571670493703,221427.5,1034.5
1776296216.432094,25.46154296875,0.0061523437499992895,46.32666023152916,0.030120912753393014,1007.1985871958128,0.00423493156040422,50.50440754135404,0.035430129650201536,222388.5,372.5
1776296218.4501736,25.48927734375,0.00732421875,46.231270378942895,0.01762378355071803,1007.1981846719226,0.0003075468061979336,50.5077750625649,0.002572987685031336,222239.0,223.0
