timestamp,temp_mean,temp_err,hum_mean,hum_err,press_mean,press_err,alt_mean,alt_err,voc_mean,voc_err
1776295885.5250747,24.997578125,0.00019531250000071054,47.226012584393914,0.021728473490110645,1011.2059692130877,0.0005677928970158064,17.031869365005115,0.0047349997397976296,128377.0,342.0
1776295887.5626042,24.857441406249997,0.020410156249999645,47.84232490219497,0.03791550955845224,1011.2105926166305,0.00035744383677638325,16.993313450454608,0.00298082314540693,86911.5,7552.5
1776295889.5805254,24.82150390625,0.0010742187500003553,47.840985479746294,0.01257586448328496,1011.2115979733394,0.001795314603668885,16.984929516152008,0.014971613615694324,106517.5,2989.5
1776295891.58435,24.82697265625,0.002832031250001421,47.73593083586688,0.03695711045969574,1011.2222251955106,0.0024832440324757954,16.896306625636534,0.020708266799944752,116280.0,1562.0
1776295893.6206763,24.8391796875,0.0027343749999992895,47.57274133145643,0.04625449744727561,1011.2199029922244,0.0017779160425561713,16.91567194953496,0.014826423716696624,121547.5,1269.5
1776295895.6366556,24.85080078125,0.0018554687499996447,47.40030981818899,0.027699975922953257,1011.213979042074,0.005657572918039477,16.965073255586812,0.04717993941621046,126028.0,376.0
1776295897.6609533,24.85548828125,0.00029296874999928946,47.26750323780122,0.03717352786845751,1011.2109653454701,0.000409344139256973,16.990205162039082,0.0034136331210152804,128572.0,147.0
1776295899.7344785,24.85685546875,0.00048828125,47.171568788990164,0.009357079996512141,1011.2131801153668,0.0034428053220381116,16.971735643422548,0.02871044753390528,130359.5,50.5
1776295901.7136273,24.852265625,0.0009765625,47.14931450470692,0.00011949770633989942,1011.2128162841311,0.0010698125816475113,16.97476969125801,0.00892144750247148,132561.0,208.0
1776295903.764296,24.8489453125,0.0007812499999992895,47.167501321932185,0.006102371128008599,1011.2215803882905,0.0013861806406225696,16.901683788747867,0.011559642542527726,132880.5,941.5
1776295905.8167582,24.84298828125,0.0018554687499996447,47.23806327181519,0.01527372132011351,1011.2198854348017,0.0022976935320002667,16.915818371728527,0.019160960101027413,134677.0,215.0
1776295907.8460736,24.83869140625,0.00048828125,47.34607796488879,0.024756879634672657,1011.2226476457922,0.0018607294620096582,16.89278372013185,0.015516988505869023,135542.5,217.5
1776295909.8657448,24.850117187499997,0.006249999999999645,47.72025474516762,0.20594821547736686,1011.2225947759348,0.0004823290273634484,16.89322460148579,0.004022236678649094,131230.5,1122.5
1776295911.9036915,24.88087890625,0.00830078125,48.69677407262819,0.26362339514709987,1011.2273455636227,0.00195495924953093,16.85360693536903,0.016302727889057067,130058.0,50.0
1776295913.9159334,24.9376171875,0.0185546875,49.596999678292185,0.16260021843320516,1011.2290841563649,0.0008814184560037575,16.839108523426287,0.007350283766445642,131482.0,871.0
1776295915.95388,25.01134765625,0.01728515625000071,49.93341885464366,0.005362744425401189,1011.232691279863,0.0014717109884827553,16.80902821509822,0.0122727883358138,134305.0,695.0
1776295917.986346,25.0778515625,0.015429687500001066,49.72170455288024,0.08922283276761078,1011.2307609176755,0.0019986201210144827,16.825125773668542,0.01666677752421819,136144.0,165.0
1776295920.00844,25.13322265625,0.011816406250000355,49.339230978718675,0.10205936228221901,1011.2275839274014,0.0005650471122748968,16.851619168968472,0.004712020244525661,137595.0,1066.0
1776295922.0472815,25.17921875,0.01093750000000071,48.940663820329505,0.0988248462548782,1011.2207084731552,0.0009080528799358945,16.908954865430427,0.007572443100954729,139121.0,688.0
1776295924.0574899,25.2130078125,0.0017578124999992895,48.5851434648951,0.0779137088927655,1011.2232430385961,0.004229072939835987,16.887818671916907,0.03526705319122314,141096.0,236.0
1776295926.0919483,25.20685546875,0.0036132812500007105,48.32826573669276,0.04726502028079338,1011.2079743539325,0.007619618359115066,17.015148084488985,0.06354224086125804,140920.0,412.0
1776295928.1162121,25.19416015625,0.00244140625,48.24866865027714,0.0065438553581849135,1011.2077587721667,0.007543925373795446,17.016945880629237,0.06291102563044682,141691.0,714.0
1776295930.132916,25.18888671875,0.0002929687500010658,48.22929446807087,0.006274705155227878,1011.2248671436505,0.0004744060211692158,16.874274897131496,0.00395615797072324,142045.5,119.5
1776295932.1497672,25.1903515625,0.0,48.21388289383114,0.009356382567037969,1011.2166264170273,0.0017687925924292358,16.942996049538735,0.014750380005668973,142406.5,480.5
1776295934.2018092,25.19552734375,0.001660156249998934,48.26755869954991,0.0251655201473433,1011.1967065902194,0.0061558241615102816,17.10911364011833,0.05133569324813613,142465.5,300.5
1776295936.2347906,25.20509765625,0.00244140625,48.356130298672056,0.019033644078568557,1011.1927461656289,0.0031221472601714595,17.142141043182924,0.026036822706005935,143069.0,182.0
1776295938.2579358,25.21984375,0.00390625,48.54537872223277,0.08173305784947615,1011.1892058793301,0.003403844781701082,17.17166494094664,0.028386090391563812,142406.5,480.5
1776295940.276168,25.23732421875,0.0051757812499992895,48.84467224028466,0.06638337018756602,1011.1812472351513,0.002233202066463491,17.238035604828823,0.018623728100301662,142108.0,658.0
1776295942.3108134,25.25958984375,0.005761718750001421,49.0698522728796,0.03833813436332534,1011.1792654650732,0.0013683448287338251,17.254562525389613,0.011411292718264576,142949.0,424.0
1776295944.3298671,25.2815625,0.005273437500001421,49.19177107552049,0.025759282522507476,1011.1803450639,0.0003072401137274028,17.245559223907513,0.0025622224513401903,143009.5,363.5
1776295946.3561387,25.302753906249997,0.004980468750000355,49.29171384252005,0.016323600523918458,1011.1651203466139,0.006089481979188349,17.372526330187576,0.05078372570210732,143740.0,245.0
1776295948.3704221,25.322578125,0.005468749999998579,49.36956710744924,0.016393824893992104,1011.1556405162297,0.0008923398319211628,17.451584318541485,0.007441796430091685,143375.5,609.5
1776295950.3968136,25.34640625,0.006249999999999645,49.4134207969431,0.007077194478828375,1011.1491016610048,0.0004973495207423184,17.506116183526917,0.004147739613273416,143985.5,368.5
1776295952.4658933,25.3716015625,0.0060546875000007105,49.47631414434791,0.02904656009394202,1011.1491962455907,0.0008142518350382488,17.505327379050676,0.006790605387566373,144726.5,372.5
1776295954.504798,25.396015624999997,0.005468750000000355,49.56113080082853,0.016414483054795426,1011.1497927072545,0.0017752633305008203,17.50035308500662,0.0148051333234136,144292.5,61.5
1776295956.4982042,25.420429687499997,0.006249999999999645,49.608261456133924,0.003943428021948137,1011.1565794525966,0.0021547168092297397,17.443753939390824,0.01796955736956818,144975.5,373.5
1776295958.5200474,25.444941406250003,0.005761718749999645,49.589388973372905,0.01183846062670213,1011.1617526184123,0.0012904500381978323,17.40061169053588,0.01076184110866052,145789.0,189.0
1776295960.5856547,25.47150390625,0.006738281250001421,49.608506861738384,0.004006446588199708,1011.1613951646948,0.00236482831411422,17.40359272619678,0.019721735132204543,145914.5,189.5
1776295962.6113214,25.50353515625,0.00810546874999929,49.63147371016389,0.0021070450104474503,1011.178734525897,0.006040976773306284,17.25899040182229,0.05037866341635677,146484.5,127.5
1776295964.595356,25.534687499999997,0.007226562499999645,49.61659394551141,0.008508758349979217,1011.1893391282814,0.00019336540003678238,17.17055368351216,0.001612555065792165,147251.5,128.5
1776295966.6498196,25.558124999999997,0.005273437499999645,49.48757227568902,0.06531899189944923,1011.1883388170545,0.0023408372797462107,17.178895719331877,0.019521238189065926,149007.0,197.0
1776295968.662553,25.5790234375,0.005273437499999645,49.151165974327874,0.09029542765326681,1011.1858812696807,0.0003143877549973695,17.199390254862575,0.0026218184326864957,149734.0,0.0
1776295970.683235,25.60080078125,0.004785156249999645,48.77476641701597,0.0807825796284618,1011.1830741343522,0.003760056901739972,17.222800270162416,0.03135684673756778,150738.5,471.5
1776295972.7061162,25.62033203125,0.00439453125,48.464464886269894,0.07444598624752885,1011.1801696497309,3.213349128827758e-05,17.24702208646257,0.0002679766095052827,151685.5,204.5
1776295974.7240589,25.64025390625,0.00537109375,48.15161328371285,0.0648384355581193,1011.1840904929836,0.0033822069675011335,17.214324381739278,0.028205759109116713,151617.0,0.0
1776295976.764403,25.65919921875,0.0041992187499992895,47.94508125349624,0.036868303874413755,1011.1828892363299,0.0020547656615690357,17.22434218695803,0.01713564000777623,151753.5,136.5
1776295978.779893,25.67931640625,0.0055664062500007105,47.77317412532835,0.04289057301160071,1011.1720768248642,0.0024980276604082974,17.314512277816238,0.020832386936898928,152651.5,897.5
1776295980.8393247,25.7003125,0.00390625,47.60774938650641,0.024397333565300272,1011.1795010599238,0.0018956909223106777,17.252597791335127,0.01580908516624291,152304.5,687.5
1776295982.8795176,25.7153515625,0.0027343749999992895,47.60339421879587,0.0003394501911060388,1011.1719734517467,0.0017711049121089673,17.315374351133386,0.014770191088341988,152236.5,755.5
1776295984.9080296,25.72169921875,0.0012695312499992895,47.430115009518744,0.09306032057947533,1011.028233877121,0.04131683751330684,18.514170222321958,0.34460286968170273,155533.5,716.5
1776295986.9367826,25.73234375,0.003710937500001066,47.03725209801198,0.10805699091665844,1010.9348143999143,0.009928950416110638,19.293358665535095,0.08281855584404063,156686.5,436.5
1776295988.9515474,25.74689453125,0.0041992187499992895,46.66736742626661,0.08921046874037586,1010.8840014783191,0.009139823581790552,19.717203860270676,0.07623945792677844,157489.5,220.5
1776295990.978808,25.76349609375,0.00341796875,46.36952354025637,0.06753637440830929,1010.8542061457133,0.001988119742975414,19.96574308676648,0.016584213864407005,158008.0,592.0
1776295993.0072618,25.77716796875,0.003027343749998579,46.09649676422649,0.06439663071405732,1010.8479952950884,0.005725452811986997,20.017552100335486,0.047760003705601406,158898.5,149.5
1776295995.0364382,25.79103515625,0.00341796875,45.83006909106728,0.06117398430262,1010.8420992941585,0.0033235381990266433,20.066734808621547,0.02772408603605392,159731.5,982.5
1776295997.0321543,25.80255859375,0.0012695312499992895,45.631407023659655,0.03368156814189405,1010.8297556190474,0.0006022653614081719,20.16970298997014,0.005023989731739675,160257.0,304.0
1776295999.068952,25.81330078125,0.0036132812500007105,45.42366737368389,0.05179449151692239,1010.8382782646261,0.006729527766708543,20.09860900036366,0.0561361316295077,160028.5,75.5
1776296001.085773,25.82873046875,0.0041992187499992895,45.27810283539543,0.02712535772939617,1010.8490708020016,0.0005951271601816188,20.00858044097827,0.004964367328684105,159952.5,151.5
1776296003.1215873,25.84396484375,0.003613281249998934,45.14797404203323,0.030243446916799144,1010.8409559904551,0.00477929696415913,20.07627199273862,0.03986768125924378,160029.5,379.5
1776296005.1615932,25.856953125,0.0031250000000007105,45.05139038168524,0.03028560526643531,1010.8451425170826,0.005939582153644096,20.041349151161405,0.04954631942715082,160561.0,0.0
1776296007.1994429,25.86984375,0.0029296875,44.91808076185423,0.03028643786515417,1010.8509410444826,0.0023441978638629735,19.992979483542808,0.019554546714967813,161407.0,386.0
1776296009.2125266,25.883125,0.0031250000000007105,44.79716090452723,0.030243014350798347,1010.8538295349833,0.0006274843961477927,19.96888463305214,0.005234261467263579,161948.5,155.5
1776296011.2514358,25.8973828125,0.0033203124999996447,44.69173366712522,0.027142852899103787,1010.8520992479391,0.0008275419190795219,19.983318110194176,0.006903082864655019,162964.5,78.5
1776296013.2629182,25.9128125,0.004101562499998934,44.56510340504106,0.027031722367141242,1010.8531486068218,0.0030918365746401832,19.974564736407252,0.025791063444673412,162495.0,391.0
1776296015.2924073,25.92921875,0.00390625,44.450898493330804,0.03314863897838194,1010.8646302607694,0.0018904167542359573,19.878789051511596,0.015769077333009918,163280.0,79.0
1776296017.3296926,25.94484375,0.00390625,44.33972371622653,0.02396808465443101,1010.8589102139971,0.004307790965754066,19.926503483243057,0.03593398120048974,163676.0,159.0
1776296019.3669846,25.9591015625,0.0029296875,44.26813101936198,0.017969155582747476,1010.8571759979218,0.006508730889834169,19.940969754759337,0.05429347435926246,162182.0,78.0
1776296021.4139287,25.973359375,0.004101562499998934,44.21487270987198,0.011723916554611693,1010.8545552034577,0.0013362787967139411,19.96283135980047,0.011146776863046881,162260.0,156.0
1776296023.4309406,25.988984375,0.0035156250000003553,44.17704244372344,0.002638334534257325,1010.8506024321974,0.00139867246787162,19.99580406718194,0.011667280289302084,163280.0,79.0
1776296025.4415367,26.003925781249997,0.004003906250000355,44.1452396310969,0.005630978538565756,1010.8526269482436,0.00027616597282076327,19.97891620648435,0.002303684859247923,163361.5,632.5
1776296027.476062,26.0180859375,0.0031250000000007105,44.11944941485551,0.0026835457483684877,1010.8454175175641,0.006458487029590287,20.039055196440692,0.05387486570939792,163597.5,396.5
1776296029.4870048,26.0341015625,0.004492187500000355,44.07253504682419,0.002522913331482357,1010.847406058708,0.007263963113757654,20.022467400757563,0.060593822071501435,163994.0,0.0
1776296031.517604,26.04904296875,0.003613281249998934,44.01636145377964,0.005673387473549951,1010.8538554036284,0.0023004292721111597,19.968668861978664,0.01918939836534861,164314.0,320.0
1776296033.5533013,26.0633984375,0.00390625,43.96623013440179,0.008685059852680865,1010.8620133489371,0.00011727003857231466,19.900618262308548,0.0009782203728025962,164714.5,80.5
1776296035.5755901,26.079218750000003,0.004296874999999645,43.93760910806007,0.008638252639588728,1010.8645688985944,0.0010225750788208643,19.879300901046577,0.008529900220283437,164155.0,479.0
1776296037.6076732,26.0971875,0.00390625,43.92447580488535,0.01264315273493466,1010.8519990757254,0.009625300921641156,19.98415402116097,0.08029110508384285,164394.0,240.0
1776296039.6422207,26.1137890625,0.00390625,43.9264156334598,0.0056369570953513914,1010.8407592916142,0.0018875688440971317,20.077912740226502,0.015745622306020834,164474.0,0.0
1776296041.6634445,26.13,0.00390625,43.934404389641834,0.0004567037175959854,1010.8563420381929,0.014286869557679438,19.9479268873053,0.11917596798987695,164234.0,80.0
1776296043.6932645,26.1442578125,0.0033203124999996447,43.9848345827633,0.03086806497044492,1010.9289937120735,0.015111379311520068,19.34191026147925,0.12604639902267145,163835.5,318.5
1776296045.7208142,26.1575390625,0.0037109374999992895,43.94982026498952,0.04832396048846732,1010.9912115645664,0.013972053262477857,18.82295415718803,0.11653729330362772,164875.5,241.5
1776296047.7558787,26.17521484375,0.005175781250001066,43.72957364039213,0.06939758012617148,1011.0277651262247,0.008369388846688253,18.518074370083397,0.06980487058733154,165198.0,81.0
1776296049.790171,26.19552734375,0.005175781250001066,43.47950328751534,0.06018173935791182,1011.0464387581529,0.0004883653767819851,18.362327912569615,0.004073149514621122,164795.5,321.5
1776296051.782885,26.2153515625,0.0041015625000007105,43.33597339888824,0.017745054475597044,1011.0581217067391,0.0039748245962982764,18.26488826877675,0.033151210472061265,164475.0,481.0
1776296053.8529127,26.23380859375,0.004980468750000355,43.23793029356398,0.038878766076290816,1011.0658211789495,0.0027383463133219266,18.20067256797084,0.022838475768290678,165280.0,324.0
1776296055.8849359,26.253535156250003,0.004785156249999645,43.106718363544466,0.03280770079688722,1011.0729147870512,0.0006505330869686077,18.141510291641126,0.005425573702867226,166174.5,245.5
1776296057.8669288,26.27287109375,0.005175781250001066,42.98767854590555,0.026680050614391604,1011.074060218366,0.0012817496315733479,18.131957177984223,0.010690033840852209,166420.0,164.0
1776296059.8902586,26.29025390625,0.00341796875,42.83821181008412,0.03291573619234711,1011.076475611557,0.0006748681711883364,18.111812358415698,0.00562851703253564,167910.0,0.0
1776296061.9457493,26.303046875,0.0031250000000007105,42.733729076850324,0.023851426094083195,1011.0776701174664,0.0011487596968891012,18.10184998060665,0.009580844987308268,168079.0,502.0
1776296063.9631047,26.31447265625,0.0026367187500007105,42.68662361518186,0.011799735516632381,1011.0775393783897,0.0024912605590543535,18.102940382406416,0.020777525363230964,167080.5,496.5
1776296065.9860816,26.3255078125,0.0027343749999992895,42.63646214811548,0.01480991040732249,1011.0820921433672,8.764521169268846e-06,18.06496961751114,7.309729050497538e-05,166667.0,247.0
1776296068.025393,26.3383984375,0.00390625,42.59257357150798,0.01769634724501401,1011.0816707440724,0.0018857505219784798,18.068484157024475,0.015727419406541543,166998.5,578.5
1776296070.0669827,26.35265625,0.0037109374999992895,42.5669892360509,0.002599556580815232,1011.0816870030048,0.0037461512866912017,18.06834859027787,0.03124341793865959,166584.0,0.0
1776296072.110886,26.36525390625,0.0026367187500007105,42.55028832625571,0.002722059767567231,1011.0772463700781,0.001939165732096626,18.10538411233336,0.016172966929913102,167245.5,331.5
1776296074.1471314,26.37775390625,0.0036132812500007105,42.52148633612545,0.0026102715279598954,1011.0761910260987,0.0014114968202534328,18.114185855660597,0.01177212979391129,167830.0,751.0
1776296076.148955,26.39259765625,0.00341796875,42.502023474939236,0.017744263122285275,1011.0798100499294,0.0015625730688384465,18.084002610617475,0.013032094300649888,167577.0,0.0
1776296078.2246213,26.40841796875,0.004199218750001066,42.47360585100742,0.00047894846288798476,1011.0858930828032,0.00029980968838572153,18.033269317686816,0.0025004456909183403,168919.0,169.0
1776296080.2447937,26.42326171875,0.00341796875,42.44206014082329,0.008674636542366443,1011.0753331349243,0.002449225630471119,18.121340833598108,0.020426983191708104,169856.5,598.5
1776296082.2913678,26.440449218749997,0.004003906250000355,42.39870287956505,0.01162675334832386,1011.0721049597923,0.0006162559075733043,18.148264412063035,0.005139698627987244,170114.0,686.0
1776296084.3363307,26.4571484375,0.00390625,42.33416252062798,0.02975178495710651,1011.0689720823075,0.00254671565511444,18.174393295656714,0.021240175769859704,170800.5,345.5
1776296086.3688068,26.47501953125,0.00439453125,42.27279182945236,0.014593422139331125,1011.0686182933867,0.0009006643882685239,18.177343955520296,0.007511743722233177,170714.5,431.5
1776296088.401887,26.492890625,0.003710937500001066,42.22653079162519,0.008631972225110474,1011.073580106852,0.0010908166067906677,18.13596139787932,0.009097619874415486,170111.5,171.5
1776296090.4237852,26.508125,0.0041015625000007105,42.137748758690265,0.020648942071971987,1011.0733924578703,0.00045967693858983694,18.137526423256883,0.003833794475127661,171320.0,0.0
1776296092.4525294,26.52365234375,0.003613281249998934,42.07316111649796,0.0026058344603505645,1011.0727910653577,0.007452785133864381,18.142542338989532,0.062157697803236545,171146.5,173.5
1776296094.4704962,26.53771484375,0.0036132812500007105,42.09284724152501,0.002606055765298265,1011.0653897126044,0.0031816637501265177,18.204271111854347,0.02653586042599798,170627.0,0.0
1776296096.4995,26.55294921875,0.004199218750001066,42.11568578702446,0.006508464431934868,1011.0669712844385,0.0005835292891447352,18.191080388350557,0.0048667720340684895,170369.0,258.0
1776296098.5119312,26.56984375,0.00390625,42.18095802052186,0.03363461728297068,1011.0641449464392,0.0034354544420693855,18.214652779472658,0.0286525659590513,170111.5,171.5
1776296100.5353513,26.58390625,0.0033203124999996447,42.23989323579553,0.006414527020218941,1011.0567399122584,0.0026102413057742524,18.27641281900683,0.02177020710534272,170283.0,172.0
1776296102.562621,26.5969921875,0.0029296875,42.20214632388358,0.02682787060071945,1011.0530732566781,0.00030343656550257947,18.306993865208373,0.002530760760382833,171669.0,349.0
1776296104.592723,26.6094921875,0.0029296875,42.10098820790902,0.026812516473192716,1011.0582083955189,0.0011896391466166278,18.264165210749958,0.009921940965696763,172194.0,0.0
1776296106.652949,26.621015625,0.0029296875,41.993748711244905,0.02679616547758812,1011.0573329340607,0.0005832036403603524,18.271466816206043,0.0048640935907560134,172194.0,176.0
1776296108.6971345,26.632343749999997,0.0023437499999996447,41.901613179976536,0.011785453441515159,1011.0658912882748,0.004674285168448478,18.20008788705057,0.03898467554981444,171758.0,612.0
1776296110.7451541,26.643183593750003,0.0030273437500003553,41.845607945561696,0.014716287991817012,1011.0842968143161,0.004892747601047631,18.046582460140538,0.040806103912558456,171755.5,87.5
1776296112.724997,26.6563671875,0.00390625,41.798916247371366,0.014613465784904633,1011.102944776628,0.005426832491139066,17.891057389567354,0.0452597602858269,171843.0,175.0
1776296114.7911875,26.6721875,0.00390625,41.75554430691752,0.02364055877615101,1011.0966020626997,0.005210456823704135,17.94395572386567,0.0434554088472634,171756.0,262.0
1776296116.8176122,26.68986328125,0.00439453125,41.67327206080568,0.023574927861652384,1011.0781869817947,0.0017625687104896315,18.097539253879006,0.01470010712531078,172018.5,175.5
1776296118.85996,26.706074218749997,0.0038085937499996447,41.55779650430778,0.03264567276487895,1011.0813370225969,0.0008360663418898184,18.07126743098103,0.006972910453187708,171757.0,437.0
1776296120.8916311,26.72111328125,0.00341796875,41.4662993899648,0.011637023574120775,1011.0896841886474,0.003750581825727295,18.00165117371944,0.031280168915344575,172282.0,264.0
1776296122.9209793,26.736347656249997,0.004003906250000355,41.386888058363944,0.014570170467997912,1011.0877081305559,0.002394802711535249,18.01813165016573,0.01997288830303745,171670.0,524.0
1776296124.93057,26.7508984375,0.00390625,41.40954642802549,0.01846290041392251,1011.0801936220826,0.006985638316507448,18.08080371649912,0.05826125583491226,171320.5,347.5
1776296126.9704947,26.764375,0.0023437499999996447,41.51624121530183,0.027318935350006512,1011.0638496452368,0.0015320169413257645,18.21711563550862,0.012777414918001995,170886.5,259.5
1776296129.0079021,26.77580078125,0.002636718749998934,41.61976902140073,0.027369811993846582,1011.0583754063218,0.0019453488312137779,18.26277229945633,0.016224780208011325,171320.0,174.0
1776296131.0514932,26.785078125,0.002148437499998934,41.650895475970074,0.00878424341593842,1011.0565214936116,7.4749524571871e-05,18.278234474435834,0.0006234339006958578,172194.0,0.0
1776296133.0863187,26.796796875,0.0033203124999996447,41.57400657347402,0.0266930839139512,1011.0745707855851,0.008024954019504094,18.127699161465223,0.06692960375741741,171844.0,350.0
1776296135.1092098,26.805781250000003,0.0033203124999996447,41.48181073184561,0.011650268167485933,1011.0899748951514,0.0018187550723496315,17.99922662129797,0.015168567244392861,172370.0,0.0
1776296137.1451445,26.8184765625,0.0031250000000007105,41.4261348144929,0.008663924718888438,1011.0900964684761,0.004703374226835422,17.998212752622383,0.03922652499115031,167431.0,1827.0
1776296139.1643844,26.83048828125,0.003222656250001066,41.403444748688415,0.008652024353068555,1011.0758131526218,0.004545904935639555,18.117337449236366,0.03791365191730556,161192.5,1693.5
1776296141.2133741,26.8409375,0.0,41.338532298469644,0.027029791865810893,1011.0705306298219,0.003546624658042674,18.16139469072438,0.02957960263459647,157196.0,73.0
1776296143.2439358,26.847578125,0.0007812500000010658,41.23719253673629,0.02092317850258496,1011.0865803502245,0.008355653758087556,18.027537666427286,0.06968703064004345,155817.5,287.5
1776296145.2579064,26.85333984375,0.002050781249998579,41.14781680312084,0.03277009196602165,1011.0879099292285,0.004666472102428543,18.01644868324883,0.03891882640833089,156178.0,217.0
1776296147.2852812,26.8596875,0.0009765625,41.06154661728313,0.005887938704688622,1011.0697924788712,0.00285554956553824,18.16755101341832,0.023815903718656273,155033.5,783.5
1776296149.324833,26.86798828125,0.0026367187500007105,41.02949196155853,0.00270426615156083,1011.0628103392737,0.002833396333528526,18.225783736850644,0.023631273084857796,152303.5,549.5
1776296151.311593,26.87990234375,0.00341796875,41.012832239648446,0.008612260916418535,1011.0572320531775,0.0033447902897023596,18.272308229340716,0.027896558248956538,145434.0,1817.0
1776296153.3851569,26.89015625,0.0017578124999992895,40.989994730208394,0.01479040256145936,1011.0409902553495,0.003367100583488991,18.40777059569002,0.028082998099304035,140106.5,988.5
1776296155.3892488,26.8977734375,0.001953125,40.930909725702115,0.026748329689361583,1011.0337886267298,0.0030516735664036787,18.46783529475752,0.02545235436521054,138833.0,400.0
1776296157.4190788,26.906367187500003,0.0023437499999996447,40.85697615713294,0.023698663577796708,1011.0317112555666,0.0006472226119740299,18.4851615058322,0.005398141813589774,139636.0,58.0
1776296159.4389963,26.9149609375,0.001953125,40.7591282930412,0.026721580232599962,1011.0331805331788,0.0022686321927949393,18.472907060632465,0.018921440108561782,141987.0,418.0
1776296161.44003,26.924433593750003,0.0030273437500003553,40.661433335395614,0.029578929992272407,1011.0396165128641,0.00755113594419754,18.419228329599342,0.06297963615928026,143069.5,303.5
1776296163.515933,26.9368359375,0.0031250000000007105,40.57607376837629,0.014604342160314587,1011.0454645387306,0.0006146114854459483,18.37045326979152,0.005126093177381108,143251.5,121.5
1776296165.5359802,26.950703124999997,0.0033203124999996447,40.52080569738355,0.017567339268321547,1011.0492445979378,0.0035903962682937163,18.338926230096796,0.02994517762211224,142646.0,241.0
1776296167.5382023,26.96173828125,0.002832031250001421,40.489146374542415,0.0033005676724897626,1011.0484488096836,0.00014101112782327618,18.345563345361604,0.0011760835412388815,143313.0,426.0
1776296169.5522237,26.9739453125,0.003515624999998579,40.53831697539569,0.02729206441839338,1011.048658711785,0.0040758470470905195,18.34381274187467,0.03399402515330863,144355.5,370.5
1776296171.5835288,26.98966796875,0.003613281249998934,40.635742388411856,0.027320288716058627,1011.0412444023418,0.0005158185813343152,18.405650868910612,0.004302137383399796,143617.5,244.5
1776296173.5969505,27.0044140625,0.00390625,40.790004782734854,0.0483384520932475,1011.0375723485586,0.00010194808373853448,18.436277339553392,0.0008502911047827411,143679.0,306.0
1776296175.6423914,27.0196484375,0.00390625,40.986430253221236,0.0454007628021742,1011.0373486024341,0.00010168107490926559,18.438143479158228,0.0008480642888866186,144416.0,62.0
1776296177.7074106,27.0337109375,0.0029296875,41.140953193420145,0.03633435407126129,1011.0378915967711,0.004136789455401413,18.433614728862665,0.03450260419147888,144850.0,0.0
1776296179.7270672,27.0469921875,0.0037109374999992895,41.26550879861892,0.027441813478084498,1011.0353979037379,0.0002142954579653633,18.454413165605324,0.0017873199040128185,144416.0,62.0
1776296181.7640631,27.06232421875,0.00439453125,41.3573400554413,0.02152563825496756,1011.0406506594447,0.0008896656084402821,18.41060292980564,0.007420177614731571,144664.0,62.0
1776296183.7702608,27.07677734375,0.0032226562499992895,41.42808499262688,0.018398122121151772,1011.0418220319601,0.00011648302745470573,18.400833202538436,0.0009715155163458888,144108.0,0.0
1776296185.7840106,27.0926953125,0.00390625,41.50504267147956,0.009462062104937274,1011.0471325420829,0.00010046627903648186,18.35654149650282,0.0008379257987254363,144292.5,61.5
1776296187.8161135,27.1051953125,0.0029296875,41.53953567541971,0.00033000606758548656,1011.0460344915609,0.003845008078428691,18.36569969595638,0.032068812816396175,145791.5,692.5
1776296189.8544157,27.11291015625,0.0022460937499992895,41.522358162464734,0.02381000496780672,1011.0602695754876,0.004514932230847535,18.246974440098697,0.03765580280798808,147381.0,386.0
1776296191.8773284,27.11876953125,0.0012695312499992895,41.3757004557998,0.04493595141780915,1011.0679596034163,0.0029375920083225537,18.18283760569239,0.02450019147537752,148616.5,719.5
1776296193.892358,27.123164062500003,0.0005859375000003553,41.18696844395894,0.035956380980344704,1011.0723965468095,0.0026017652489827015,18.14583253912015,0.02169924213319696,151828.5,1024.5
1776296195.9403796,27.1262890625,0.0009765625,40.974326406532356,0.044860853990112304,1011.0650253900031,0.0037449551488180077,18.207309665680242,0.031233858737778064,155745.0,72.0
1776296197.970832,27.12736328125,9.765625000035527e-05,40.794665220827056,0.04490986565068411,1011.0676475106491,0.0010447823846106985,18.185440506143934,0.008713727025789098,151028.5,1824.5
1776296199.9989252,27.12912109375,0.0012695312500010658,40.63621321272344,0.03005888511157906,1011.0953241450497,0.009481096894717211,17.954613820833288,0.07907279101532971,147835.5,712.5
1776296202.0027204,27.12287109375,0.00439453125,40.4979579991163,0.03635652511172793,1011.1233718337069,0.0017720187575491764,17.72069712446084,0.014778387281383587,149940.0,999.0
1776296204.0673747,27.113398437500003,0.0013671874999996447,40.38335878019615,0.02404778501986371,1011.1320206991188,0.0040007785211741975,17.648567095753315,0.03336569924732302,149668.5,464.5
1776296206.093737,27.11017578125,0.00048828125,40.296398871464845,0.014981431643423804,1011.1294761819591,0.006110895565143437,17.66978795698507,0.050963760658813584,147000.5,896.5
1776296208.1306005,27.110078125,0.00039062499999964473,40.269519797212126,0.005927201228640655,1011.1080297821659,0.0046911878766877635,17.848648526133395,0.03912432795847032,147127.0,770.0
1776296210.1458108,27.10861328125,0.00048828125,40.23354219129257,0.006022400176323828,1011.0843750650833,0.006110841055203764,18.045929884105306,0.050965146741660305,144795.0,1056.0
1776296212.1635444,27.10890625,0.0,40.22163719500003,0.005968359369191489,1011.0671077978876,0.0017740475965410951,18.18994184339264,0.014795974161541992,135403.5,3257.5
1776296214.180586,27.1075390625,0.0,40.2155188952873,0.005968123348093712,1011.0622384181225,0.0008870217793628399,18.230553687076608,0.007397999093210927,123144.5,2694.5
1776296216.211524,27.1083203125,0.00019531249999893419,40.221572882771426,0.005989789889856212,1011.070596491754,0.002345594424355113,18.16084536461109,0.019562754461508902,113689.0,2450.0
1776296218.233294,27.10607421875,0.00029296874999928946,40.191487462337065,0.005999369192430493,1011.078499794876,0.002247257813849046,18.09493034918065,0.018742487669264563,111610.5,590.5
1776296220.2551785,27.1091015625,0.0009765625,40.17093534739142,0.0028761711975420212,1011.0718583857627,0.0028577462617249694,18.150320915436197,0.023834185211462966,115168.5,1532.5
1776296222.2940156,27.11603515625,0.0012695312499992895,40.159763518802194,0.014776223872491556,1011.0608819206532,0.0002764804334560722,18.241867242875756,0.002305923331997306,122731.5,2453.5
1776296224.3142626,27.1184765625,0.0009765625,40.12423756220383,0.009054320149232353,1011.0577289863722,0.001970812317040327,18.268163633285866,0.016437161661817967,128391.5,1416.5
1776296226.3512359,27.1188671875,0.0,40.10042229795332,0.002982009743639935,1011.066343261179,0.0008870374460911989,18.19631825340732,0.007398105437086855,131429.5,716.5
1776296228.3727064,27.123652343750003,0.0020507812500003553,40.10691076460863,0.009171060414132626,1011.0652018253742,0.0024253613104292526,18.20583812365134,0.02022811458087226,132614.0,365.0
1776296230.3915198,27.13166015625,0.0012695312499992895,40.16147676444396,0.015055125500776256,1011.0586207799995,0.0023847710453992477,18.260725817522477,0.01988968653567902,134790.0,861.0
1776296232.4306598,27.13712890625,0.0010742187500003553,40.21578276773012,0.009070526013939428,1011.0505995489239,0.0017350152855328815,18.327625431696756,0.014470626816592613,137533.5,672.5
1776296234.474535,27.1395703125,0.00039062499999964473,40.2369413656663,4.289970140547439e-05,1011.0545427669161,0.0006309152008725505,18.294737674718995,0.005262034099887458,140160.0,582.0
1776296236.505165,27.14396484375,0.00146484375,40.2254863212229,0.0117767967028648,1011.0509957018205,0.0011823749912309722,18.32432137483245,0.009861412733803476,141631.0,654.0
1776296238.5235171,27.150410156249997,0.0018554687499996447,40.19635224526701,0.011732002959984555,1011.0516478369938,0.0003355573327326056,18.31888234106851,0.002798661719685569,143130.0,243.0
1776296240.5797474,27.1630078125,0.0029296875,40.15596429649041,0.011611622834664104,1011.0498171038555,0.0005908811849621998,18.33415128700681,0.004928156280634255,143434.0,183.0
1776296242.6002223,27.171796875,0.0015625000000003553,40.09429214254827,0.020703824517447345,1011.050705607171,0.00013777872783293788,18.32674085932537,0.0011491220873427466,143495.0,244.0
1776296244.627276,27.18009765625,0.0020507812500003553,40.014701173063955,0.011698598530490045,1011.0516922828623,0.001123476593875239,18.318511651330628,0.009370174679418142,143069.5,303.5
1776296246.6486666,27.188984374999997,0.0015625000000003553,39.9650086276031,0.02068824693243343,1011.0509636039368,0.0007492304526977023,18.32458907939456,0.006248838964218351,143739.5,122.5
1776296248.664733,27.19640625,0.001953125,39.9002738980249,0.008722967013923721,1011.0434330784309,0.0031543184935571844,18.387396465857165,0.026308256841213407,143923.5,184.5
1776296250.6834383,27.203828125,0.0013671874999996447,39.865342781103536,0.008785190326705106,1011.0500965821457,0.0022080171563061413,18.33182035543911,0.018415633228705985,143863.0,368.0
1776296252.74265,27.21173828125,0.002050781249998579,39.863227135968884,0.0002236565492736986,1011.0593228925086,0.0015376940536953043,18.254869984829693,0.012824809985197305,144416.0,62.0
1776296254.7431962,27.21984375,0.0017578124999992895,39.88198114852621,0.006148740569710043,1011.0644287130167,0.0037260389745483735,18.21228610108613,0.03107610798451077,144602.0,124.0
1776296256.78188,27.2282421875,0.0023437499999996447,39.90970665886033,0.009192942889971079,1011.0691202815561,0.0041995599759729885,18.173157318228547,0.03502526137219952,144850.0,124.0
1776296258.840547,27.2376171875,0.0029296875,39.943503655173075,0.012238819989200067,1011.0603064111098,0.0005918870006098587,18.246667153762964,0.004936503670723624,144974.5,124.5
1776296260.8582385,27.244160156249997,0.0010742187500003553,40.00680642722989,0.02671030933567664,1011.0690986177209,0.0053628595509280785,18.173338036566772,0.04472743854221406,145352.0,626.0
1776296262.904002,27.23458984375,0.0018554687499996447,40.07134888904882,0.014706790411306514,1011.0740485097599,0.004988217185825761,18.132054907575046,0.04160267317735844,150070.0,734.0
1776296264.9234822,27.23322265625,0.00048828125,40.09803914527631,0.011983465816186367,1011.0807124944215,0.0016757674756604504,18.076476091829342,0.013976142568347782,154113.0,704.0
1776296266.9084954,27.2368359375,0.0009765625,40.128262545069404,0.00010709395050056969,1011.0803375364524,0.0015771376583870733,18.079603294798098,0.013153559608220178,156326.5,796.5
1776296268.941568,27.24103515625,0.001074218749998579,40.16154055445439,0.009068938735016019,1011.0746983349003,0.012460453043331654,18.126635680031224,0.10392247701695112,157858.0,148.0
1776296270.9580317,27.246796875,0.0009765625,40.20395031928931,0.009060720781313591,1010.9580192799946,0.04278356535280636,19.099811585456965,0.35685617274599934,159657.0,1057.0
1776296272.9924428,27.24904296875,0.00029296874999928946,40.21016590039363,0.0029524251697665704,1010.7256485519504,0.07050352199684085,21.038198312422843,0.5881767986382851,163047.5,787.5
1776296275.0069323,27.24884765625,9.765624999857891e-05,40.144496481746756,0.008939511869908046,1010.4396543388385,0.07614137207644944,23.4243859037909,0.6353562280665255,164957.5,483.5
1776296277.0494695,27.24845703125,0.00048828125,40.10567471187938,0.017949711389100287,1010.1267322678127,0.080634713142274,26.035871527688933,0.6730193590908868,165522.5,243.5
1776296279.088269,27.2485546875,0.0007812499999992895,40.066914179511414,0.008860390878766111,1009.8500882745585,0.05374499558502066,28.34513050978808,0.4486832550372313,165685.0,81.0
1776296281.1039412,27.2503125,0.0,40.02238305504258,0.011924732728925136,1009.6834723054983,0.031051207874952524,29.736189201602535,0.25926169276521627,166256.0,0.0
1776296283.1247845,27.2524609375,0.0009765625,40.00771247959051,0.0030877717515416236,1009.5893474196321,0.018830306876907343,30.522111443765827,0.15723529298855254,166831.5,82.5
1776296285.218946,27.25900390625,0.0012695312500010658,40.00842836284691,0.002842057831571765,1009.540456986118,0.006824756882906513,30.930359327552278,0.05698976301719583,166174.5,81.5
1776296287.21274,27.26125,0.0007812499999992895,40.029542442311325,0.00604824906475443,1009.5156887675575,0.004063409002867502,31.13718694993173,0.03393195104837332,166092.5,163.5
1776296289.2361972,27.26349609375,0.00048828125,40.071533293288496,0.011982064801966175,1009.4332530810277,0.039136210770209345,31.825603197844597,0.32683291247483126,167079.5,165.5
1776296291.3230996,27.265546875,0.0005859375000003553,40.10456456462939,0.002918515550057066,1009.265332159645,0.0398660113060032,33.22803299015072,0.33297244682369964,167577.5,332.5
1776296293.3517911,27.26603515625,9.765625000035527e-05,40.11058372654104,0.002972159451637424,1009.153446787449,0.016699078673298118,34.16256950449939,0.13948805154709376,168499.0,589.0
1776296295.369382,27.26583984375,0.0006835937499989342,40.09863148782607,0.008873006736990874,1009.0928035628624,0.013980301500737369,34.66913675529241,0.11678368284713159,168834.5,84.5
1776296297.392334,27.27375,0.002343750000001421,40.04283785209324,0.01763333074316975,1009.0407877550326,0.008643362615032402,35.103656620327456,0.07220486986040697,169089.5,508.5
1776296299.4652708,27.2809765625,0.0017578125000010658,39.95420242983608,0.017688300956727687,1009.0089616919212,0.0019456661996173352,35.36952814941489,0.0162541095313955,166836.5,907.5
1776296301.4531384,27.288105468749997,0.0020507812500003553,39.86858143764174,0.02062598937562754,1009.1029613284081,0.04056820461227062,34.58428962353703,0.3388815132180234,163125.5,709.5
1776296303.4750235,27.29708984375,0.002246093750001066,39.8040448903502,0.00868738729651497,1009.3152936280146,0.06483972678910277,32.81075749115084,0.5415384296567218,160715.0,306.0
1776296305.501048,27.30548828125,0.00244140625,39.757327806054974,0.002710712156108741,1009.5843593071975,0.06693142738777169,30.56377667000036,0.5588875835261611,160180.0,76.0
1776296307.5450115,27.3169140625,0.0027343749999992895,39.755595591722724,0.00565541935660363,1009.8938078595397,0.0851523725845027,27.980164114954164,0.7108588264927516,158674.5,74.5
1776296309.5587673,27.32638671875,0.0018554687499996447,39.747697726012376,0.009131571236757452,1010.2418214888953,0.0881743568525053,25.07532544049255,0.7358812700159679,159126.0,675.0
1776296311.599246,27.33595703125,0.0026367187500007105,39.784463187431086,0.015173478082079583,1010.5749221423096,0.07169201011714676,22.295712369684438,0.5981640086441136,160334.0,533.0
1776296313.6208565,27.34484375,0.0011718750000007105,39.86285943359833,0.015021419864712726,1010.8013383774963,0.04182207991505038,20.406763068145928,0.3488802388641261,161793.5,310.5
1776296315.6405246,27.35392578125,0.00341796875,39.90853824573445,0.012291801386300705,1010.9278064043681,0.022378107642850864,19.351814697103702,0.1866595040551715,163043.0,0.0
1776296317.6784945,27.361445312500003,0.0005859375000003553,39.98387503941468,0.05074091694090299,1010.988751894779,0.011594467286272447,18.843469445789367,0.096706652285933,162650.5,78.5
1776296319.700126,27.370234375,0.0029296875,40.16080854885918,0.030164425071948386,1011.0411000772727,0.010942115892248694,18.406854997907026,0.09126172062643789,163282.0,553.0
1776296321.770786,27.380488281250003,0.0018554687499996447,40.24850190135885,0.021105554458639375,1011.063868409985,0.0047707701085073495,18.2169592008577,0.03978944788315708,163201.0,0.0
1776296323.7688274,27.38888671875,0.002246093750001066,40.30616840372406,0.012195477818735867,1011.1209122933338,0.02581211734172939,17.741211579896124,0.21526985332408088,164236.5,719.5
1776296325.83414,27.40197265625,0.00244140625,40.34943451354967,0.006244954350478338,1011.2680579763681,0.038552612122884966,16.51410988779525,0.3214861164766152,162651.0,235.0
1776296327.8686302,27.41046875,0.002343750000001421,40.380253337638464,0.0062355613714153435,1011.4069086356571,0.028634071551039142,15.356311196295671,0.23874992295634812,162807.5,235.5
1776296329.8501465,27.421796875,0.002734375000001066,40.4143805406521,0.0026871223962317003,1011.4908777698902,0.015066353345162042,14.656200939223002,0.1256143019828988,161793.5,310.5
1776296331.8794103,27.428242187499997,0.0005859375000003553,40.444986834643515,0.0030544689975506856,1011.5403376048672,0.009821248060347898,14.243841950994277,0.08188048882935295,163683.5,1111.5
1776296333.9513237,27.43458984375,0.0016601562500007105,40.427752082421264,0.02074256060989299,1011.5630160251767,0.0026817565062060567,14.054771661727088,0.02235760121555419,168176.5,1592.5
1776296335.938577,27.43595703125,0.0002929687500010658,40.31434884283772,0.044842761480925475,1011.565224529525,0.0013017231696608178,14.036359525894117,0.010852348452947247,172376.5,1056.5
1776296337.9654822,27.43673828125,0.00048828125,40.14126087042035,0.05067790045806575,1011.5655990451475,9.87365353921632e-05,14.033237217836863,0.0008231573253310032,176064.0,1194.0
1776296339.9865828,27.43791015625,0.0006835937499989342,39.95349308748766,0.053579267805627495,1011.5648295807127,0.0011042500973985625,14.039652177394402,0.009206036201574008,179904.5,383.5
1776296342.0381494,27.435566406249997,0.0010742187500003553,39.786395787565425,0.04180517379884563,1011.5699184437078,0.0018146835377024217,13.997226866304583,0.015128795853105004,180482.0,386.0
1776296344.0567732,27.429316406250003,0.0010742187500003553,39.6636732367387,0.03284669821137953,1011.5802343759925,0.0009271405998561022,13.911224540985739,0.007729394548900537,181746.0,489.0
1776296346.0787182,27.426777343749997,9.765625000035527e-05,39.56523535549431,0.017852344640431284,1011.5752453004899,0.001932703763372956,13.952817605605766,0.016112647414025183,183225.0,0.0
1776296348.119812,27.418964843749997,0.0030273437500003553,39.501953950913716,0.015190387249447213,1011.5750494855131,0.0004343701456832605,13.954450072578513,0.0036212761806355687,185342.0,916.0
1776296350.1393478,27.40431640625,0.0051757812499992895,39.4557867269647,0.012446663142057446,1011.5717974472213,0.003923937936463062,13.981561894804837,0.032713343929461125,186155.5,102.5
1776296352.1801805,27.38615234375,0.006738281249999645,39.421137260825674,0.00964161555080878,1011.5681896416947,0.0033132154550798987,14.011639713947979,0.027621912336768695,185832.5,416.5
1776296354.192682,27.35421875,0.0087890625,39.40579968813375,0.003921013706772669,1011.570731952475,0.0026610662911821237,13.990444757545347,0.02218497143949172,187142.5,369.5
1776296356.219651,27.308613281249997,0.009667968749999645,39.377109208503526,0.004014370333475625,1011.5769132188375,0.0012389922468969417,13.938912434515942,0.010329269777419547,188204.0,267.0
1776296358.218061,27.2633984375,0.010937499999998934,39.33362774457845,0.007117719875697759,1011.5846026446309,0.0017016666166114192,13.874807188020423,0.014186420788104392,189332.0,432.0
1776296360.2882242,27.2274609375,0.008203124999999645,39.306004312163424,0.006820514680352829,1011.5806566028882,5.3344527543686127e-05,13.907704513532916,0.00044472301198084097,189007.0,0.0
1776296362.2820504,27.18830078125,0.01201171874999929,39.286944281736446,0.004261860925957706,1011.5830304142846,0.000994774059165593,13.887914528946432,0.008293223252519688,190144.5,54.5
1776296364.3210855,27.14533203125,0.010644531250001421,39.28528173575941,0.004787684186787544,1011.5827910553849,0.0014275513138386486,13.889910017716115,0.011901198980177163,190144.5,54.5
1776296366.363108,27.098652343749997,0.012597656249999645,39.295089339590255,0.0016102573869218872,1011.5854163715695,0.0018168692158724298,13.868023328840755,0.015146829687601837,190746.0,219.0
1776296368.3794367,27.043476562499997,0.012304687500000355,39.31288435146769,0.013510871185655304,1011.5982480563425,0.004947678572420955,13.761049081232136,0.04124725892572201,191628.0,332.0
1776296370.412695,26.997578124999997,0.012304687500000355,39.355419515914505,0.007577423100581626,1011.597678919099,0.0005103598844016233,13.7657937218643,0.004254713716679959,192461.0,56.0
1776296372.4500315,26.94650390625,0.015332031249998934,39.40037188505669,0.010220468824194029,1011.5887340831498,0.0017252474142992469,13.84036434983253,0.014382961155866347,192964.0,0.0
1776296374.4430287,26.903046875,0.005273437499999645,39.458029976990325,0.0142771929713561,1011.5770175791104,0.003890320232017075,13.93804244590222,0.032432942122722075,193640.0,226.0
1776296376.50007,26.8782421875,0.006445312499998579,39.50880655749907,0.0200943771607065,1011.5874652620705,0.001108415673172658,13.850942197019663,0.009240596814332314,193076.5,112.5
1776296378.5203202,26.84611328125,0.010058593750001066,39.55583152460558,0.004854426140330048,1011.5967091361936,0.0032462161262287736,13.773878541731097,0.027062728523965518,193245.5,56.5
1776296380.5434027,26.81330078125,0.00634765625,39.608737419192245,0.02011462406952802,1011.5959763031392,0.0012642112000662564,13.779987922690596,0.010539355126322647,193415.0,338.0
1776296382.5933561,26.79162109375,0.0071289062499992895,39.65691456456486,0.011117799767795589,1011.5946186104518,0.001772696436262322,13.791306616652253,0.014778462313920215,193583.5,169.5
1776296384.6173725,26.757441406250003,0.011621093749999645,39.69185830856785,0.01955148429731679,1011.594326752985,0.00017097542638566665,13.793739738630597,0.0014253734782947447,194207.0,227.0
1776296386.6118503,26.711933593749997,0.009667968749999645,39.740445341074036,0.013820014397573743,1011.5890115755574,0.0038711654520398042,13.838051004561775,0.032272942128201976,195294.0,517.0
1776296388.6264932,26.672382812499997,0.009375000000000355,39.798611375248186,0.016829754006092656,1011.5959793021904,0.0025699368104596942,13.77996293719031,0.02142480356880405,195870.0,289.0
1776296390.698024,26.63400390625,0.009667968749999645,39.862869797074914,0.013827484376143673,1011.6004021044974,0.0029807482310388878,13.743091414515415,0.02484952898721904,195696.0,0.0
1776296392.6817868,26.59953125,0.009179687499999645,39.909713851813194,0.010907176339284064,1011.5942942912275,0.005094629399366113,13.794010449570854,0.04247247672099519,196275.0,116.0
1776296394.751973,26.55421875,0.0107421875,39.973251244526864,0.019671478768454875,1011.5928088947962,0.003191573333026554,13.806393732015728,0.026607271035950397,197266.5,58.5
1776296396.7412093,26.50734375,0.01289062500000071,40.021745619843266,0.019441678993743494,1011.5958771249474,0.00046478029787522246,13.780814737383956,0.003874736281473723,197386.0,646.0
1776296398.758894,26.46818359375,0.007128906250001066,40.09492006145604,0.026033841249667233,1011.5928039279606,0.005326811808856746,13.806435199847137,0.04440816842676032,197384.0,59.0
1776296400.8218527,26.442890624999997,0.006249999999999645,40.16366990341055,0.014218707753357762,1011.5811386569505,0.0030196329065006466,13.90368575319778,0.025174086038329158,197619.0,59.0
1776296402.8504078,26.4036328125,0.01249999999999929,40.2279391782308,0.016521677790237277,1011.5778967539393,0.0007246188408203125,13.930712867808769,0.006041020530099139,197855.0,177.0
1776296404.8285627,26.37423828125,0.004003906250000355,40.302252202963196,0.01745618889570011,1011.5835147955174,0.0006118394667851135,13.883876342657583,0.005100775677003178,197619.5,294.5
1776296406.8729227,26.354121093750003,0.004785156249999645,40.389543984960625,0.023346634881921347,1011.5802129944611,0.00023376483920856117,13.911402792052545,0.0019488529630633522,197387.0,763.0
1776296408.901703,26.328828125,0.006445312500000355,40.48227908137653,0.01720550902756557,1011.5738530634012,0.00020569817826299186,13.964424461472415,0.0017148752816655843,197914.5,354.5
1776296410.9220955,26.3102734375,0.003710937500001066,40.56385439174122,0.023486898287629288,1011.574847218129,0.003345117835408473,13.956136381062862,0.027887730353853613,196741.0,350.0
1776296412.9596539,26.2880078125,0.0068359375,40.65402139476558,0.020166427622235972,1011.5698365073072,0.0004273624650181773,13.99790994975106,0.0035628691073288365,197619.0,59.0
1776296414.9911962,26.26388671875,0.00634765625,40.7440276758867,0.011260087740705416,1011.566251811143,0.0014099087657086784,14.027795176363481,0.011754272328079907,198092.0,414.0
1776296417.0296407,26.23673828125,0.00732421875,40.81280581305668,0.017138140535237767,1011.5745981276406,0.004982004077987767,13.958213055650761,0.04153420623428694,197737.0,177.0
1776296419.0621626,26.2130078125,0.0060546875000007105,40.86104026709343,0.00830691833368391,1011.5858129570096,5.1656027721946884e-05,13.864717074815765,0.0004306445396808911,198328.5,296.5
1776296421.09336,26.160664062499997,0.025976562500000355,40.88817260084504,0.008852553620911863,1011.5817302713771,0.0030562050526441453,13.898753581914773,0.025478968768705812,200312.0,1330.0
1776296423.1136513,26.06134765625,0.01904296875,40.91610345743668,0.006874060512480185,1011.5689403805754,0.00336023467667701,14.005380889511644,0.028013889574022954,202134.5,492.5
1776296425.1430357,26.004609375,0.010351562500000355,40.990639393778736,0.016815442430864636,1011.5621425030531,0.007010407563541321,14.062054292150627,0.05844527864388205,200366.0,665.0
1776296427.1344848,25.95431640625,0.014746093750000355,41.032975750022956,0.004357232565578073,1011.5560209706268,0.002699781487137898,14.113089066175863,0.022508000145905704,201276.0,366.0
1776296429.2010794,25.89904296875,0.01220703125,41.08974117645292,0.01961147143233788,1011.5480269215404,0.002048461653373579,14.179735425025555,0.017078074816715194,201707.5,919.5
1776296431.1993535,25.838984375,0.01582031250000071,41.1639615960319,0.02221325379633754,1011.5428986804344,0.0009532978614288368,14.22248977310925,0.007947700169863126,202318.5,61.5
1776296433.229716,25.782734375,0.01171875,41.24761690741724,0.016682263685108722,1011.5412648847528,0.003919656417451733,14.236110880648985,0.03267844812494225,202939.5,682.5
1776296435.2459652,25.741718749999997,0.010351562500000355,41.332995429545576,0.02283716174644468,1011.5394928432344,0.000947032543763271,14.250884476220286,0.00789548737198853,201950.0,430.0
1776296437.2811277,25.680683593749997,0.015722656250000355,41.416181899480804,0.010250621016123063,1011.5566404140948,0.0015556793519522216,14.107924768940954,0.012969647314197807,203062.0,311.0
1776296439.2978413,25.63419921875,0.010839843750000355,41.498018273457376,0.019799507825332796,1011.5592706404448,0.008116180964691466,14.085996893637574,0.06766418986879419,203501.0,874.0
1776296441.353752,25.575800781250003,0.018652343750000355,41.57255272299537,0.009929956897519077,1011.5620694883842,0.004536499007201655,14.062662915052682,0.03782047785792564,204253.0,880.0
1776296443.3781867,25.478828125,0.021484375,41.645814486915356,0.021627895054706414,1011.5643294986799,0.0014877719904120568,14.043821321589895,0.012403429548602851,204943.0,63.0
1776296445.3957908,25.4071484375,0.017968749999999645,41.76397717732301,0.03404968631294736,1011.5623889329148,0.00255773916205726,14.05999968163939,0.021323688696715415,203935.0,188.0
1776296447.4373393,25.34064453125,0.01748046875000142,41.86774786792403,0.0311142170201677,1011.5520001604427,0.0035409951938731865,14.146610515804234,0.02952126949138556,206281.5,384.5
1776296449.450432,25.28029296875,0.01318359375,41.99030527410679,0.03462174014805797,1011.5533274401739,0.0016449392622348569,14.135544960544493,0.013713840602394889,205515.0,509.0
1776296451.4798877,25.22404296875,0.014355468749998934,42.11640319919242,0.028491302765576876,1011.5612814308249,0.003280936423436742,14.069232865637185,0.027352956859145294,206345.0,64.0
1776296453.4993083,25.161152343749997,0.016699218750000355,42.205688889219786,0.022216225494045005,1011.5761499102425,0.004785733083735977,13.945276083007196,0.03989787541192058,206089.0,320.0
1776296455.514605,25.09455078125,0.01708984375,42.327737810175734,0.019170765728166117,1011.584101733466,0.001494370258797062,13.878983172997637,0.012458241583718888,206861.0,580.0
1776296457.5662353,25.033222656249997,0.014550781249999645,42.42632942043316,0.022480060002337154,1011.5890816760119,0.003834789252550763,13.837466593616895,0.03196968102196074,206667.0,386.0
1776296459.5902467,24.96369140625,0.01904296875,42.54213873209876,0.025001380005797103,1011.6037380588416,0.003623316583741598,13.71528069892518,0.030206331792768992,208027.0,326.0
1776296461.6137433,24.888984375,0.0185546875,42.6513860153901,0.022049868975752673,1011.5967229143771,0.007083953906260376,13.77376380942672,0.05905679469978509,208418.5,196.5
1776296463.6444995,24.81515625,0.016210937500000355,42.77588882506311,0.03440892926193584,1011.5831532991843,0.0002449980145229347,13.886890060189447,0.0020424969976522434,207117.5,64.5
1776296465.6591578,24.7430859375,0.020312500000001066,42.900658739035194,0.027918907739444165,1011.5865516053441,0.0024298934530975203,13.858559153383219,0.020257456358411474,208746.5,262.5
1776296467.6957297,24.66623046875,0.01806640625,43.02193275784754,0.02516480679024724,1011.5821702018816,0.001006052155503312,13.895085942363718,0.008387252157689318,209209.5,725.5
1776296469.763224,24.598359375,0.016406250000001066,43.15337456277574,0.025368732673726413,1011.5790734380328,0.0009709666908293002,13.92090306435443,0.008094771842376502,210201.0,133.0
1776296471.7546523,24.542988281249997,0.012792968750000355,43.280269128548845,0.037909409738297484,1011.5714828716609,0.0004652697163010089,13.984184418712186,0.003878892155335656,209669.5,132.5
1776296473.8177774,24.49728515625,0.009082031250001066,43.43259096116732,0.03836343719003921,1011.5671855616056,0.0014721526733865176,14.020010593029555,0.012273184563028394,209210.5,857.5
1776296475.7955475,24.46232421875,0.008691406249999645,43.57109539732229,0.02933656426548481,1011.562627508715,4.328893516003518e-05,14.058010670603302,0.0003608966912125311,209009.5,131.5
1776296477.873339,24.431953125,0.0060546875000007105,43.68898115607536,0.023586862144476584,1011.5663896505484,0.0007836298200345482,14.026646018119468,0.006533044913958896,208683.0,722.0
1776296479.8514924,24.4048046875,0.0076171874999992895,43.78908882820243,0.023419528245639754,1011.5647725133437,0.0017505658008758473,14.040127949212906,0.014594314198079772,209477.0,1124.0
1776296481.8744655,24.366230468749997,0.011621093749999645,43.8727400828873,0.01992983238343271,1011.5614079647605,0.0002944739406984809,14.068177924744658,0.0024550101391280776,210802.5,334.5
1776296483.9433494,24.31427734375,0.01201171874999929,43.94880515600914,0.02900990266599024,1011.5637222616972,0.0009306305809104742,14.048883801812448,0.007758592398624309,211608.5,67.5
1776296485.96621,24.26916015625,0.01123046875,44.05305024495695,0.023032574632104286,1011.5647458355681,0.0003339123800856214,14.04035034964767,0.002783798409161875,212558.0,204.0
1776296487.996977,24.2180859375,0.01386718750000071,44.14753170165471,0.01969538744536692,1011.5543329354105,0.001353826851186568,14.127162158238791,0.011286830538654868,213515.0,69.0
1776296490.0113745,24.16076171875,0.01435546875000071,44.22611202819104,0.019645576117515162,1011.5470186490945,0.0020906075101834176,14.188141420995684,0.017429459918787416,213997.0,276.0
1776296492.0500402,24.102265625,0.014453125000001066,44.30762848121928,0.0226861575057562,1011.5457363359434,0.00048672305558739026,14.198832097366157,0.004057829438509408,214482.5,485.5
1776296494.0642257,24.04376953125,0.01494140624999929,44.39221895608457,0.01654547202644352,1011.5400247850353,0.0021652050721741034,14.24644964773793,0.018051483175296035,214620.0,208.0
1776296496.0934298,23.984296875,0.013867187499998934,44.488919903231064,0.02886794484432187,1011.5300666059809,0.003957197973647908,14.329472128924674,0.03299173042194514,215666.0,0.0
1776296498.109806,23.941914062499997,0.008398437500000355,44.624247989977384,0.047823205266546154,1011.5257516697395,0.0012666549339428457,14.365446390123907,0.010560321403948691,214205.0,484.0
1776296500.1296186,23.90998046875,0.007714843750001421,44.78224850080251,0.03878550715207396,1011.5251413177476,0.005137116543096454,14.37053508426308,0.042829050621648435,214417.5,1108.5
1776296502.1811268,23.884296875,0.0060546875000007105,44.92584048219538,0.04511980421699491,1011.5329012483223,0.0009968238295527954,14.305839284635201,0.008310645224001156,214481.5,346.5
1776296504.1965003,23.86935546875,0.001660156249998934,45.073856591864185,0.036498472886957956,1011.5360212485539,0.0018108588287191196,14.279827491706826,0.015097319350537042,213378.0,343.0
1776296506.219696,23.86427734375,0.00029296874999928946,45.20785300916512,0.030566824307246776,1011.5401386867278,0.002172443665585888,14.245500040612681,0.018111830239945448,211003.0,134.0
1776296508.2505872,23.86076171875,0.0012695312500010658,45.32070075715547,0.027409743942627074,1011.5370826062573,0.005590055642528569,14.27097893867003,0.046604838645690094,211070.5,335.5
1776296510.2684267,23.85529296875,0.0016601562500007105,45.41194375014423,0.021250477670985646,1011.5308576641477,0.0034845418830400376,14.322876953211193,0.029051110008739833,210869.0,0.0
1776296512.3150303,23.85197265625,0.0002929687500010658,45.51881846704559,0.036752897745433444,1011.5316487064906,0.00047532329733712686,14.316281885574,0.003962833885601036,212151.0,475.0
1776296514.3341014,23.85236328125,0.0008789062500014211,45.65687390840652,0.03998914080132465,1011.5287521882985,0.0031911077255131204,14.340430606266846,0.02660475349019631,210468.5,400.5
1776296516.369334,23.85548828125,0.0006835937500007105,45.810716075776824,0.03386036261337111,1011.5391177438456,0.0028742429389012614,14.254011735386547,0.023962804441204355,209669.5,132.5
1776296518.395854,23.859296875,0.0007812500000010658,45.937118843136204,0.030823972779316477,1011.5488272963967,0.0030327018765774483,14.173062699135404,0.02528369338736436,209871.0,730.0
1776296520.4213958,23.86408203125,0.001074218749998579,46.04220439605277,0.018577954545722974,1011.5521780366175,0.0008602739061984721,14.145127523248078,0.007172100726255515,209802.5,265.5
1776296522.444824,23.86798828125,0.0012695312499992895,46.0888002347654,0.0029244691170546844,1011.5523375649991,0.00029454971792119977,14.14379753356212,0.0024556597165066307,211075.0,1007.0
1776296524.4706578,23.870625,0.0007812499999992895,46.09834242449515,9.316902237088698e-05,1011.5601458735091,0.0012675359132003905,14.078699908006499,0.01056737534343366,212558.0,204.0
1776296526.50287,23.87921875,0.0027343749999992895,46.108596102339824,0.00955488938857485,1011.5590843968394,0.0052723740003557396,14.0875494702212,0.043955521712078394,211205.5,470.5
1776296528.5240178,23.890253906250003,0.0030273437500003553,46.1652954021054,0.015747963413264898,1011.5602183283726,0.00038415964456817164,14.078095851047571,0.00320271708162867,208816.5,985.5
1776296530.540734,23.903828125,0.0041015625000007105,46.29930276957885,0.055926065522136525,1011.5575272902372,0.0013584225842464548,14.1005309125735,0.01132511612771836,207574.0,779.0
1776296532.5688822,23.92130859375,0.00439453125,46.58189546666449,0.07764896578664349,1011.5505806227156,0.0035987184441523823,14.158445206953171,0.030002542200612936,205451.0,318.0
1776296534.6049643,23.93458984375,0.0016601562500007105,46.8829811133747,0.06818516161884247,1011.5438813488997,0.0043682137193741255,14.21429727235277,0.03641802527319005,205515.0,382.0
1776296536.6474457,23.945332031249997,0.0028320312499996447,47.10691492083013,0.04985102296590327,1011.5480678810795,0.00018085043524251887,14.179393930460034,0.0015077544451598257,204879.5,126.5
1776296538.6760075,23.9567578125,0.0033203124999996447,47.30025210586321,0.049967004552282646,1011.5498321213414,0.0034407394447271145,14.164685466586178,0.028685487301210344,203374.5,623.5
1776296540.7016144,23.969746093749997,0.0028320312499996447,47.438182266621126,0.02514692676010455,1011.5576615643981,0.0015848766089447963,14.099411476412804,0.01321305308209375,202627.5,247.5
1776296542.7432308,23.978535156249997,0.0028320312499996447,47.473359066653614,0.00895651180231738,1011.5542647314167,0.001945955163648705,14.127730780264322,0.01622339470345313,204376.5,629.5
1776296544.7368286,23.989375,0.0021484375000007105,47.3878842768857,0.04002943584526619,1011.5550769847041,4.583473003094696e-05,14.120959028160762,0.00038212310591489995,205454.0,827.0
1776296546.7675953,23.99650390625,0.00048828125,47.25862457568431,0.021620226045872215,1011.5604621608625,0.005387298973005272,14.076063130011189,0.04491359599992695,206094.0,1088.0
1776296548.8389719,24.001582031250003,0.0008789062499996447,47.19421393373452,0.0060850763356903315,1011.5572238042214,0.001425747438986491,14.103061064588715,0.011886403701186765,206859.5,193.5
1776296550.8618064,24.00763671875,0.003027343749998579,47.15780196521054,0.005822779928056576,1011.5538038379427,0.0004969310552382922,14.131573230119514,0.00414290718171717,205260.0,127.0
1776296552.8667223,24.0192578125,0.0023437499999996447,47.224232881639864,0.02815442706641491,1011.550585217231,0.0020362853709912088,14.158406873065804,0.016976526086714294,203014.0,1739.0
1776296554.8911757,24.030781249999997,0.0033203124999996447,47.36504323904047,0.043792599846860014,1011.5622153145318,8.909215063113152e-05,14.061447103996386,0.000742754999278894,201888.0,246.0
1776296556.9423404,24.04416015625,0.0030273437500003553,47.431764901203415,0.003470068933538073,1011.5556670173139,0.0021520327773032477,14.116039956255541,0.01794144008090992,201642.0,0.0
1776296558.9603562,24.05890625,0.0029296875,47.439766896825816,0.002742658432310918,1011.5460381857672,0.002310730484452961,14.196315580732376,0.019264647129149992,201520.0,245.0
1776296560.9854157,24.071796875,0.0031250000000007105,47.407238977972085,0.018218570523611533,1011.5510558360829,0.0050688615067429055,14.154483392878635,0.04225911967686802,201277.5,610.5
1776296563.0305886,24.0860546875,0.0029296875,47.37178184478923,0.005841349959233355,1011.5494615658474,0.0005453850478716049,14.167774754270923,0.0045468832391568625,200606.0,61.0
1776296565.0499609,24.09953125,0.003124999999998934,47.32384187660032,0.018210862575053,1011.5580770129836,0.0006541717097547917,14.095947891748835,0.00545380164181708,201037.5,1096.5
1776296567.0811293,24.117109375,0.004687500000001066,47.273313829223156,0.002526524836763855,1011.5539200362809,0.0029923225738457404,14.130604515314252,0.024946948673560954,201154.5,487.5
1776296569.0976934,24.13595703125,0.004589843749998934,47.25392714845495,0.011831005636267378,1011.5606502051048,0.0012636551351761227,14.074495324782824,0.010535017263305413,200247.0,906.0
1776296571.1222022,24.15421875,0.004296874999999645,47.16634335285408,0.021149840241498907,1011.5584819519194,0.0025541093255014857,14.092571953999148,0.021293493601548974,200182.5,241.5
1776296573.1597905,24.17150390625,0.0041992187499992895,47.081774470694974,0.0211524117804629,1011.5741544346714,0.0006295440826988852,13.961911975257976,0.0052484146202047555,200667.0,0.0
1776296575.1768794,24.190449218749997,0.004980468750000355,46.96342190566299,0.024137130082422686,1011.5748582475103,0.0001302009770256518,13.956044393539301,0.0010854654113172657,200911.5,608.5
1776296577.2091057,24.2106640625,0.004687500000001066,46.86075114118326,0.02415969874885704,1011.5776194575919,0.0014207640422227996,13.933024644192994,0.011844663935581146,199640.5,60.5
1776296579.2242963,24.2321484375,0.006445312500000355,46.752110608068605,0.023933368177083025,1011.5771392727662,0.0007387363284578896,13.937027857838547,0.006158719288452907,198387.5,118.5
1776296581.2563434,24.25568359375,0.0055664062500007105,46.61599883731657,0.03945656415222132,1011.5852816178273,0.0028453197356839155,13.869146756517859,0.023720792734101437,198923.0,298.0
1776296583.3414285,24.27921875,0.005468750000000355,46.44914259410881,0.04868472850480998,1011.5978378175339,0.00180341771294934,13.764469044450493,0.01503453805575461,198032.5,236.5
1776296585.3663085,24.3003125,0.0046874999999992895,46.27289630573782,0.04256994364742539,1011.6029005428271,0.00034711384580532467,13.722262737967146,0.0028937695027275723,198269.0,0.0
1776296587.4031482,24.321406250000003,0.005468750000000355,46.09682210461244,0.04859121028903246,1011.6044287230143,3.612398000996109e-05,13.70952282941801,0.0003011529087366682,198150.5,236.5
1776296589.4318552,24.34376953125,0.00537109375,45.914917435946485,0.048554551419137226,1011.5912319777972,0.001889384813068773,13.819540042517673,0.01575130257744206,198982.0,119.0
1776296591.4657152,24.36515625,0.005468750000000355,45.72078825929502,0.03620569450905364,1011.5941141100056,0.0017315870214247298,13.795512492699022,0.014435750728075902,199700.5,120.5
1776296593.444236,24.38703125,0.005468749999998579,45.5637484258815,0.042312194153904414,1011.5854198421371,0.0017322560445904855,13.867994394499418,0.014441428683875657,199521.0,420.0
1776296595.5122046,24.40939453125,0.005761718749999645,45.40689907029868,0.04224133835802846,1011.5872312631946,0.0013921873973572474,13.852892992326602,0.011606336099423409,199703.0,721.0
1776296597.4928687,24.431953125,0.005468749999998579,45.25326688220255,0.026924047598868128,1011.5893572028957,0.0017334463594806948,13.83516955595734,0.014451306527573315,199466.0,1079.0
1776296599.518492,24.4544140625,0.0048828125,45.13342503685243,0.02697593070747928,1011.5816053341983,0.0009173259925319144,13.899795129818049,0.0076475636442845385,199761.0,60.0
1776296601.554125,24.475703125000003,0.005468750000000355,45.001285602394944,0.026887820835714393,1011.5807849899566,0.0017989982635526758,13.906634186206094,0.014997899178776919,199941.5,240.5
1776296603.5862153,24.49689453125,0.004785156250001421,44.89062726693375,0.023895105951066142,1011.5833380279898,0.002843542273751609,13.885350041822104,0.02370601130946781,200849.0,61.0
1776296605.6137083,24.51759765625,0.00537109375,44.78914343126879,0.023813522808005416,1011.5868646221079,0.0016398168711475591,13.85594959505207,0.01367076829377023,201398.0,0.0
1776296607.6444838,24.54005859375,0.0055664062500007105,44.703188125221345,0.01461815498990049,1011.5870546089916,0.001072453292863429,13.854365713988752,0.008940789975683927,199641.5,540.5
1776296609.6705,24.562031249999997,0.005468750000000355,44.62026756297638,0.014623453157696531,1011.5935191622858,0.0017972284446159392,13.800472405345149,0.014982991822225955,200062.0,241.0
1776296611.6962905,24.58419921875,0.005761718749999645,44.549610119347406,0.008481328651058107,1011.5914628301093,0.0013880810009254674,13.817615482408431,0.011572062852596154,199941.5,120.5
1776296613.7229166,24.6065625,0.0056640624999992895,44.49425348453228,0.01764199654591536,1011.5879535190803,0.0031888193849454183,13.846871745531475,0.026584415442426845,199821.0,361.0
1776296615.7628238,24.62736328125,0.005175781250001066,44.41738290141883,0.01159358379384301,1011.5757235510283,0.0004465119379801763,13.948830495024016,0.003722498400610341,198804.0,417.0
1776296617.7939079,24.64748046875,0.00439453125,44.3678979029458,0.020826941045736902,1011.5853580134275,5.4037798122408276e-05,13.868509836542875,0.0004505009799924409,199821.0,120.0
1776296619.809172,24.66681640625,0.00439453125,44.33052325278207,0.012702672346698307,1011.5919575230075,0.0018210817877957197,13.81349136448046,0.015181869464232278,199461.0,240.0
1776296621.816444,24.686542968749997,0.004980468750000355,44.45173786576097,0.052431922944585097,1011.5841656851992,0.0016481544420798855,13.878450022859473,0.013740306348397624,199881.5,180.5
1776296623.8369734,24.70666015625,0.0051757812499992895,44.60665755174911,0.03418761264668646,1011.5743535499738,0.0030996516358072768,13.960252011703734,0.025841326801697484,199641.0,300.0
1776296625.9048812,24.726484375,0.004296874999999645,44.76781378987967,0.05245420471440454,1011.5667155134104,0.0018734611759896325,14.023929341429808,0.015618857913777262,199641.0,300.0
1776296627.8941092,24.7454296875,0.0046874999999992895,44.9993941063558,0.06175437653807592,1011.570907708867,0.0005268402058504762,13.988979476243573,0.00439219921538303,198744.0,238.0
1776296629.913726,24.765644531249997,0.004785156249999645,45.228380860796236,0.05572313234459614,1011.5612472199707,0.001083017491339433,14.06951804733966,0.009029047719439909,198803.5,297.5
1776296631.9577785,24.785078125,0.004687500000001066,45.39929728045851,0.02202826060247176,1011.5494343233103,0.003893370347554992,14.168001925297101,0.03245908707269862,199162.0,418.0
1776296633.9766533,24.80353515625,0.00439453125,45.44443780081838,0.008682642669075591,1011.5448752550516,0.00181844578298751,14.206010975663325,0.0151604651330155,199702.0,601.0
1776296635.993282,24.820429687500003,0.004296874999999645,45.38508972239744,0.02096091465255867,1011.5439695265184,0.0018756974457119213,14.213562079051455,0.015637786186024627,199761.0,60.0
1776296638.0315924,24.83732421875,0.0038085937499996447,45.28590161910422,0.024073325589316852,1011.5386429041555,1.560519103804836e-05,14.257970486895278,0.00013010183537343067,199881.5,421.5
1776296640.0496323,24.85431640625,0.0041992187499992895,45.263390653899805,0.006628152178375757,1011.5423123666349,0.0038026008801352873,14.227377951999326,0.031702521391312466,199161.5,179.5
1776296642.085828,24.87150390625,0.003613281249998934,45.329813161446424,0.01576135289176861,1011.5339216954654,0.005636519198105816,14.297331795054742,0.04699232873738968,198744.0,0.0
1776296644.105257,24.89044921875,0.004980468749998579,45.48854431779895,0.06812012680949664,1011.5257256015503,0.00011430238635057322,14.365663719819878,0.0009529587967778141,198329.5,533.5
1776296646.1289718,24.9102734375,0.0046874999999992895,45.70896947368023,0.03436781000423039,1011.5260237392717,0.00494328336600347,14.363178175778895,0.04121299997865702,197855.0,59.0
1776296648.1655257,24.929609375,0.00390625,45.87733148359716,0.034309693497981186,1011.5396737055796,0.005445343938163205,14.249376708191459,0.0453982689053829,196508.0,349.0
1776296650.183309,24.9466015625,0.0041015625000007105,45.99015944351143,0.022042613745625772,1011.5530614974026,0.005761740016055228,14.13776222449174,0.04803557360001598,195178.0,287.0
1776296652.2178,24.964375,0.0041015625000007105,46.05387733960771,0.0035729443516316906,1011.5685986087344,0.0021951974541138952,14.008230180788775,0.018301113410291947,196043.0,116.0
1776296654.260359,24.98029296875,0.004003906249998579,46.09891544681134,0.009723801824726763,1011.5652146979862,0.00029856013134121895,14.03644148519146,0.0024890688599796817,196565.5,174.5
1776296656.2505267,24.9899609375,0.0011718749999989342,46.06003667938634,0.030659072194339387,1011.5685015806005,0.0007536635823726101,14.009039079239873,0.00628320871168242,198923.0,298.0
1776296658.2745273,25.001582031250003,0.0028320312499996447,45.93519586378392,0.021204923772248918,1011.5616904146557,0.0010519156750206093,14.065823161963582,0.008769750748657046,197973.0,59.0
1776296660.3268569,25.01203125,0.0029296875,45.90567268529255,0.0034288543532809967,1011.5600530284994,0.0032107945351071976,14.079473980675406,0.026768214745928276,198032.0,0.0
1776296662.3550024,25.0274609375,0.0041015625000007105,45.8921374901479,0.005662314896188292,1011.5585266538508,0.004849186894887225,14.092199332725263,0.04042744975542334,197325.0,0.0
1776296664.3718112,25.042890625,0.00390625,45.85398916732875,0.014914472290783465,1011.5463887592375,0.0001391319953540915,14.193392819155264,0.0011599483614093131,196859.5,700.5
1776296666.4440064,25.05861328125,0.00439453125,45.80973039546985,0.011776813774424966,1011.5426818273788,4.566344563272651e-05,14.22429768688185,0.00038069889036584925,196750.0,1400.0
1776296668.4505384,25.07375,0.0029296875,45.75926082737966,0.0027242253993371435,1011.5362558840199,0.004980511371286411,14.277871383308286,0.04152303613594022,195063.0,57.0
1776296670.4636426,25.085078125,0.00019531250000071054,45.78829527258689,2.3399795804124324e-05,1011.5342698942917,0.0056219751555772746,14.29442882002111,0.04687106026749621,196565.5,174.5
1776296672.5125217,25.09103515625,0.002636718749998934,45.76133085318406,0.008909608256125523,1011.5297719882611,0.0063397761642818296,14.331928481511579,0.05285564100354634,197620.0,412.0
1776296674.5292404,25.1055859375,0.00390625,45.73232396379997,0.0035422928842585577,1011.5259311899912,0.0001379210883669657,14.363949693534659,0.0011498718196616409,197566.0,1059.0
1776296676.5763538,25.1227734375,0.004492187500000355,45.728232179296874,0.002536868708368445,1011.5245918724813,0.003334777681061496,14.375115856833279,0.027802644487516126,195753.5,57.5
1776296678.6001127,25.1391796875,0.0031250000000007105,45.70867446848709,0.005774738198358165,1011.5255230403747,0.0011282003035830712,14.367352511777614,0.009406002909202904,195010.0,917.0
1776296680.6148467,25.15353515625,0.0038085937499996447,45.72269311088209,0.025053644514589024,1011.521362316887,0.0009054813446596199,14.402041246188109,0.007549181205664723,194264.0,284.0
1776296682.6422677,25.16623046875,0.003222656250001066,45.81955734288437,0.021921883563315703,1011.5224707261764,0.0034514049668246116,14.39280025475593,0.028775036111044372,195006.0,229.0
1776296684.6656494,25.1798046875,0.0037109374999992895,45.89503890387093,0.021990857096902516,1011.528539612044,0.0010641103203852254,14.342202856986564,0.00887165210771279,195120.5,114.5
1776296686.700882,25.19484375,0.00390625,46.02617715017308,0.0589952958382689,1011.5281365634157,0.004285671089235166,14.345563193707079,0.0357303133790241,193640.0,113.0
1776296688.6984463,25.20490234375,0.0026367187500007105,46.18146280319418,0.009567505004167032,1011.5143588714338,0.00457345469504844,14.460430618895762,0.03813003104938595,194720.0,286.0
1776296690.7638278,25.213496093750003,0.0028320312499996447,46.17016827633387,0.008906803561988141,1011.5097053718961,0.0019337707789190972,14.499228018677982,0.016122388746786065,194377.5,56.5
1776296692.754861,25.22453125,0.0023437499999996447,46.11909871072781,0.01820949478353384,1011.5134279682027,0.0006260918653993031,14.468191725426998,0.005219887732294204,196043.0,116.0
1776296694.7982402,25.23048828125,0.00146484375,46.00582161417383,0.03986430169897659,1011.5071562992158,0.00028080692970888776,14.520480361225648,0.0023411708206237947,196917.0,526.0
1776296696.828843,25.237421875,0.0017578124999992895,45.849640728892936,0.030562016626518584,1011.5077728556771,0.00019365657095704591,14.515339947917107,0.0016145715833832952,197384.5,293.5
1776296698.8447716,25.24337890625,0.0010742187500003553,45.67503790642883,0.03983643260955816,1011.5112299181362,0.0035088213230665133,14.486517485922153,0.02925399069604495,198566.0,297.0
1776296700.849481,25.25099609375,0.00244140625,45.56223594233522,0.024286347413138287,1011.5164912531615,0.0021852483957900404,14.44265238256165,0.018218929128534178,197149.5,58.5
1776296702.8929288,25.26154296875,0.00244140625,45.50820173841048,0.0058511933014209205,1011.5088074397245,0.0031218759634725757,14.506714353493077,0.026027973236989688,196685.0,758.0
1776296704.9129858,25.27326171875,0.0032226562499992895,45.521887571578645,0.012671458742335773,1011.5083279682151,0.001681318228179407,14.510711822344788,0.014017636560622826,195235.5,229.5
1776296706.966967,25.2846875,0.0031250000000007105,45.60313891241903,0.037251373391317344,1011.5179877636944,0.002015069227127242,14.43017562784914,0.01680008530199295,194491.0,57.0
1776296708.9857743,25.295625,0.0025390625000003553,45.80125337101168,0.06799208759198905,1011.5180110551146,0.002343076334170746,14.429981446814319,0.01953475395055726,193134.0,506.0
1776296710.9993627,25.30666015625,0.0026367187500007105,46.06121675986538,0.06194501103205852,1011.5181919415252,0.002501149687702764,14.428473358823679,0.020852644004353493,193077.0,0.0
1776296713.0456803,25.3034375,0.007226562499999645,46.18719840835243,0.01629110888670482,1011.516510875367,0.002858152734233954,14.442488798952017,0.023829090265690134,196347.5,1684.5
1776296715.0633488,25.29181640625,0.0006835937500007105,46.01321095824255,0.05244983271485992,1011.5171500649212,0.0006619600964654637,14.437159701160976,0.005518913889024368,197560.5,117.5
1776296717.1016252,25.28810546875,0.00029296874999928946,45.80342000948974,0.046115375256054136,1011.5120244851005,0.0013590222907851057,14.479892933807548,0.011330528544966079,199580.0,0.0
1776296719.1178288,25.28673828125,0.00048828125,45.62796964549213,0.03067737840639495,1011.516886526231,9.372658024631164e-05,14.43935688275823,0.000781420266615207,200666.5,121.5
1776296721.1455307,25.29123046875,0.0002929687500010658,45.44726448298766,0.05216163467743584,1011.518854730347,0.001359028169076737,14.422947527023787,0.011330515606029934,201890.0,737.0
1776296723.140875,25.2860546875,0.0017578125000010658,45.19200132879895,0.06765684168693653,1011.5166639243532,0.0010778475401593823,14.44121277032378,0.0089862668543077,204319.0,1195.0
1776296725.1611216,25.264277343750003,0.009863281250000355,44.953522004838426,0.07158031879350801,1011.5079288797626,0.0018225741998776357,14.514039140432587,0.015195333322331805,207126.5,1357.5
1776296727.233537,25.236640625,0.007226562500001421,44.7269232231101,0.06811187249574147,1011.5003161180771,0.0010909070336992954,14.57750914392086,0.009095265925725293,209678.0,1325.0
1776296729.2333024,25.2122265625,0.0056640624999992895,44.55597589272533,0.028152210456365623,1011.505880127078,0.004092380516453886,14.53112024863729,0.03411942735716256,210272.5,999.5
1776296731.2753115,25.194941406250003,0.0030273437500003553,44.48676922042825,0.009513375798995582,1011.5194506752179,0.0013659438832291926,14.417979005312489,0.011388167995868947,209873.5,995.5
1776296733.2923021,25.188203125,0.0009765625,44.492084856211164,0.0029384395960612153,1011.5138426685965,0.001955800770303995,14.464734274391812,0.016306004953768216,208358.5,1046.5
1776296735.3004904,25.183125,0.0007812499999992895,44.50370157381711,0.002961504652294167,1011.5215363968623,0.0030342539946559555,14.400589934293105,0.025297186049237474,207508.0,584.0
1776296737.3225446,25.17541015625,0.0045898437500007105,44.49669147921906,0.009696814732912173,1011.5099243202669,0.003012660292881719,14.497402602738587,0.02511738848434497,208747.5,525.5
1776296739.3875303,25.157246093749997,0.0028320312499996447,44.39995512400428,0.03694488801311735,1011.5043801626455,0.0010499349277210968,14.54362586593394,0.008753638956359389,210401.5,333.5
1776296741.3964424,25.1407421875,0.0046874999999992895,44.25163829910585,0.037127725836622716,1011.4979866336896,0.0003660313254272296,14.596930868444637,0.003051734334104772,212220.5,814.5
1776296743.4187238,25.1247265625,0.0029296875,44.12178806247118,0.030801034734363242,1011.5083008893171,0.0005601243574346881,14.510937578570477,0.0046699189417331866,212151.5,610.5
1776296745.441574,25.11193359375,0.0036132812500007105,44.01068139516852,0.03085923367465071,1011.5017265233707,0.002315974814962374,14.56575013203709,0.01930905420044482,213105.5,615.5
1776296747.4830322,25.09748046875,0.002050781249998579,43.890334154100074,0.0336967311645715,1011.5057265308903,0.0006693052955029088,14.53240077269663,0.005580203532237427,214345.5,761.5
1776296749.493219,25.08771484375,0.0008789062500014211,43.773659685103105,0.039616395199693955,1011.5084764057138,0.0014237940927159798,14.509474253370964,0.01187058191773005,214343.0,346.0
1776296751.5197053,25.0876171875,0.0,43.694633974338245,0.021267240048022273,1011.5012440954063,0.0017685274883092461,14.569772288136537,0.014744809006485227,212762.5,272.5
1776296753.5335324,25.08751953125,0.00048828125,43.61564748950673,0.009166563224589197,1011.5037386839194,0.005398852585756231,14.548974171545172,0.045011961532787303,212014.5,67.5
1776296755.5990303,25.08517578125,0.0006835937499989342,43.60019400094305,7.878839788588721e-05,1011.5087845229122,0.003313903902721904,14.506905421641003,0.027628965621678603,211677.5,540.5
1776296757.6354024,25.0848828125,0.00039062499999964473,43.58194241934589,4.500686872788151e-05,1011.5118469692966,0.0015170619829518728,14.481372931671942,0.012648149088462901,210275.0,1266.0
1776296759.6511822,25.08556640625,0.00029296874999928946,43.60023912826503,0.006039174873176734,1011.5076488042063,0.00040966223036775773,14.51637420186832,0.003415474406835095,208943.5,197.5
1776296761.6788428,25.08732421875,0.0012695312500010658,43.621698356035736,0.002890483175786329,1011.503422286006,0.0005962080613244325,14.551611986446787,0.0049707786401169685,209540.0,794.0
1776296763.6727781,25.091425781250003,0.0008789062499996447,43.628245192823236,0.0031383558779580767,1011.5047610275576,0.004076589600288116,14.540450527186994,0.03398780410919233,208095.0,783.0
1776296765.7372563,25.09494140625,0.0010742187500003553,43.640799383811604,0.009235633363459783,1011.5033819611303,0.0009126529259333438,14.551948189524152,0.007609081645723492,207441.5,129.5
1776296767.7631695,25.099140625,0.0007812499999992895,43.62306111886137,0.009020727439562393,1011.5066473280895,0.0003812950697579254,14.524723805845621,0.003178971600391378,209010.5,526.5
1776296769.795488,25.10275390625,0.0010742187500003553,43.59614752671048,0.012022065590766573,1011.5054263344523,0.0009126983461555938,14.53490360405853,0.00760944787567297,210404.5,867.5
1776296771.8180342,25.10578125,0.0,43.56006255077523,0.012143339493125183,1011.5059089718177,0.0017685775727045439,14.530879715780626,0.014745171515690103,212016.0,610.0
1776296773.8392804,25.11076171875,0.00244140625,43.52724461974917,0.002754195157280037,1011.4962910235049,0.00041764305439073723,14.611067787934232,0.0034820445408465517,210870.0,536.0
1776296775.8773575,25.11779296875,0.00146484375,43.58573670166605,0.024459619395827303,1011.5023751226109,0.005910109137062136,14.560342643988442,0.04927452477599292,208878.5,394.5
1776296777.8958879,25.123554687499997,0.0015625000000003553,43.72309790321066,0.04576319386496763,1011.5090555395556,0.00012185974946987699,14.50464584193881,0.0010159794003454792,207247.5,323.5
1776296779.938138,25.131953125,0.0021484375000007105,43.92779986072925,0.05501520426177464,1011.5067422540633,0.0027100816109282277,14.523932403522494,0.02259476323836651,205963.0,703.0
1776296781.9623497,25.140644531249997,0.0020507812500003553,44.184582171861464,0.06118298001092626,1011.4721827447386,0.00021549067082560214,14.812069359600315,0.0017966600584111703,204564.0,189.0
1776296783.9818618,25.150996093750003,0.0028320312499996447,44.43279525733913,0.05831362921916394,1011.4730319002088,0.0024875337474554726,14.804989522793264,0.020739874611297004,203810.0,188.0
1776296786.0093133,25.16056640625,0.002636718749998934,44.67211832216897,0.05837420924782677,1011.4443155702584,0.006341615001076661,15.044415504924121,0.05287458858822536,201827.0,307.0
1776296788.053747,25.17208984375,0.003222656250001066,44.823278638671084,0.024850015691757932,1011.3948831500138,0.01865871218575421,15.456578198174531,0.15557721073042963,202257.0,123.0
1776296790.062132,25.1872265625,0.004101562499998934,44.90461126361052,0.01884595976901693,1011.3283059739533,0.012814317742197545,16.01171597198062,0.10685207308103362,202011.0,123.0
1776296792.103948,25.20216796875,0.0036132812500007105,44.912495388250875,0.00569421289002392,1011.3118201894895,0.008299228070882236,16.149183126261846,0.06920395194776496,201582.0,429.0
1776296794.128975,25.21916015625,0.00439453125,44.82577020301758,0.027012754454286636,1011.288040281845,0.008803610045447385,16.347476205715395,0.07341118970552607,203187.0,560.0
1776296796.150899,25.2346875,0.0037109374999992895,44.72667982934319,0.017906850595018398,1011.2388899719836,0.013449180806958339,16.757337244473582,0.11215390210000642,202691.0,557.0
1776296798.1854968,25.24982421875,0.0032226562499992895,44.67955043967135,0.011846901517166941,1011.199717564198,0.014240554796856486,17.084004595906222,0.11875696430629112,201520.0,245.0
1776296800.2083554,25.262421875,0.0023437499999996447,44.601581804123164,0.030276423875434944,1011.1281276732103,0.026278203342599227,17.681036462620767,0.21915568640623384,203061.5,62.5
1776296802.2685654,25.2719921875,0.0017578124999992895,44.53855643851496,0.015064140610700605,1011.0436731097681,0.01572893132072295,18.38539530330767,0.13118544824307676,203062.0,311.0
1776296804.3135781,25.2723828125,0.00019531249999893419,44.49279726180103,0.01829678480637753,1010.987697330934,0.012951367331993424,18.852265423169648,0.10802431919682398,203312.5,685.5
1776296806.2982144,25.27814453125,0.0012695312499992895,44.5056859841435,0.006256029759594384,1010.9634128025198,0.002367543968546215,19.054818410781095,0.019747513382217363,202565.5,185.5
1776296808.3699033,25.2817578125,0.00019531250000071054,44.51832459924441,0.006084636262226439,1010.9533404119504,0.0023373921653160323,19.138831832030313,0.01949617664731207,203747.0,0.0
1776296810.384942,25.27296875,0.0011718750000007105,44.50507906489423,0.0123515078550831,1010.9461897159636,0.0027814066810947224,19.19847593075746,0.023199832426602285,205196.5,190.5
1776296812.4118094,25.276386718749997,0.0020507812500003553,44.4871595250684,0.005865861174292775,1010.9313786871005,0.005525538247695749,19.322016166686637,0.046089298268290335,204502.5,630.5
1776296814.4482589,25.28732421875,0.003222656250001066,44.46401804468806,0.005727800189962551,1010.9234317235521,0.0009753655265853922,19.388303028993953,0.008135713988313142,203435.5,436.5
1776296816.4448469,25.296796875,0.0015625000000003553,44.43765511328775,0.00897406701671244,1010.9237273947263,0.0010090582489397093,19.385836778611107,0.008416749559270187,201643.0,245.0
1776296818.4554243,25.303046875,0.001562499999998579,44.37124825712401,0.021175744475591785,1010.9506500560606,0.010490012194111387,19.161272450875785,0.08749732907305763,202380.5,246.5
1776296820.5186086,25.30744140625,0.0008789062500014211,44.32905039656115,0.02125069273683522,1010.990491553058,0.006729982614388064,18.828959088485064,0.056133081899284676,201520.5,367.5
1776296822.5084167,25.3128125,0.0009765625,44.271728084630226,0.018182857733513913,1011.008031291047,0.001957458639139986,18.682665461563793,0.016326437811597927,201581.0,61.0
1776296824.5727074,25.3159375,0.0,44.262944092258365,0.0030493548329388886,1011.0042441513592,0.0035382492052349335,18.71425266852659,0.029511316182047054,202381.5,493.5
1776296826.6152134,25.318671875,0.001562499999998579,44.26631313440235,0.006281460119531346,1010.9724030729785,0.0072010855727171474,18.979831638139398,0.06006330260003523,202442.0,62.0
1776296828.6094213,25.326875,0.002148437499998934,44.28251982164286,0.0027985793302534034,1010.9573745785751,0.006252867176897325,19.10518303460348,0.052154966102264666,201826.5,184.5
1776296830.6291788,25.337421874999997,0.0035156250000003553,44.31425462944105,0.015663106333732912,1010.9532156552325,0.0012673539375782639,19.139872414371062,0.010570994066915418,200188.0,1087.0
1776296832.7178297,25.3497265625,0.0029296875,44.4896736023741,0.07362920611164725,1010.9855163427434,0.012703474135605575,18.870456529103308,0.10595688523096669,196227.5,1450.5
1776296834.7299013,25.358417968749997,0.0018554687499996447,44.79327299198309,0.08281246234297157,1011.016392066483,0.006541811031524958,18.612931692621956,0.054562458522539714,194550.0,570.0
1776296836.7624679,25.366328125,0.001953125,44.996204495904266,0.015544685443938278,1011.0185801340285,0.0021464174614607145,18.594681841947654,0.017902322145236127,195698.5,692.5
1776296838.7754502,25.37140625,0.0005859374999985789,44.929443445300755,0.03973024024820404,1011.0144147810886,0.002590152428467718,18.62942328016131,0.02160339201995143,199347.5,1197.5
1776296840.7967224,25.3684765625,0.0017578124999992895,44.739395216422906,0.05831114855656949,1010.9734028016005,0.009037535406605457,18.97149313683919,0.0753808274812151,202077.5,1046.5
1776296842.8302994,25.362421875,0.0021484375000007105,44.512536620762134,0.06438670060123641,1010.9963341046246,0.007138058955320048,18.78022797729483,0.05953646480447361,203566.5,1186.5
1776296844.8748887,25.35626953125,0.001074218749998579,44.282914003000315,0.04892377945626336,1011.013799135841,0.0008541507150425787,18.634558104287745,0.007124121977234665,205961.0,320.0
1776296846.9115577,25.349921875,0.001953125,44.11146305740258,0.03678911914293792,1010.9991015759535,0.0066998110315807935,18.757145312608536,0.05588104302165142,205387.0,127.0
1776296848.9658403,25.34572265625,0.00048828125,43.97696662937213,0.024298073497078576,1010.9613435232867,0.007171098524509034,19.072078286881624,0.05981371440796579,205070.5,443.5
1776296850.9560468,25.3471875,0.0,43.87670224123575,0.02129794788121231,1010.9398301872625,0.0053076196354595595,19.25152123578097,0.04427130853469485,205642.0,255.0
1776296852.9907827,25.34669921875,0.00048828125,43.81580462790464,0.015263959343325695,1010.9372706815934,0.0007902987104557724,19.27287022096275,0.006591962531377504,206024.0,0.0
1776296855.0053668,25.3407421875,0.0029296875,43.726935227074954,0.012498521119447048,1010.9364749525437,0.004104120223189511,19.279507534805035,0.03423290917912958,206666.0,129.0
1776296857.0573947,25.315449218749997,0.010839843750000355,43.678418614608645,0.010370035440551817,1010.9441878896596,0.002799453769569027,19.21517326354582,0.023350401406261767,208945.0,592.0
1776296859.0694451,25.2641796875,0.01386718750000071,43.648184867245156,0.004640063253525284,1010.9567281198995,0.004972003014756865,19.110575079213184,0.04147134036394995,211341.0,606.0
1776296861.1037662,25.222578125,0.0087890625,43.62819130452485,0.005060504021717094,1010.945991106072,0.0009611738262265135,19.200132521760207,0.008017193386084642,212287.5,611.5
1776296863.126445,25.2048046875,0.0009765625,43.6625939296995,0.01811584028321178,1010.9384456541485,0.0024652819603261378,19.263069677300162,0.020563150114945472,211476.5,741.5
1776296865.1968565,25.20255859375,0.0008789062499996447,43.73830356132767,0.015095631937551701,1010.9321564228034,0.0038836467346072823,19.315528913287924,0.0323940280921704,209207.0,198.0
1776296867.228882,25.180683593749997,0.009667968749999645,43.80265157657039,0.004159770310167232,1010.9869509007509,0.017954434031935307,18.858491740683796,0.14975381538536503,213859.0,0.0
1776296869.2474475,25.1477734375,0.0076171874999992895,43.75932399925173,0.019118501700226886,1011.0424446196823,0.00977537234882675,18.395640889757033,0.08153051461754757,215877.5,491.5
1776296871.2857275,25.11466796875,0.00927734375,43.77981187921489,0.007152668224382097,1011.0799255852812,0.007969437007147917,18.08303923240454,0.06646629655831404,217433.0,214.0
1776296873.3124387,25.09416015625,0.002636718749998934,43.80479996742166,0.014895874985963786,1011.1006591958139,0.003688725417873684,17.910119088536266,0.030764010869880565,216588.0,1202.0
1776296875.3308907,25.08048828125,0.0028320312499996447,43.89748789598329,0.01792258741081909,1011.1059319682113,0.0024879466140532713,17.866144176372572,0.020749414721217718,215948.5,562.5
1776296877.3800912,25.07033203125,0.0036132812500007105,43.99976135990046,0.01784207606841548,1011.1115913872793,0.0003384009494880047,17.818944844585317,0.0028222429615869515,215247.0,279.0
1776296879.435711,25.06173828125,0.0002929687500010658,44.05964493315143,0.012144445612115362,1011.1056330238122,0.0004744237804743534,17.868637345829256,0.003956683828452157,214760.5,625.5
1776296881.47332,25.0596875,0.0029296875,44.129448713498164,0.0270719447337342,1011.0996593915485,0.0014452743945412294,17.91845743206661,0.01205361412051964,213037.5,683.5
1776296883.4714017,25.04279296875,0.005957031249998579,44.18840753939439,0.008446864530537113,1011.1067844922799,0.0009634378099008245,17.859034131071247,0.008035042600821996,215247.0,279.0
1776296885.5153046,25.01916015625,0.01005859374999929,44.219172758795224,0.004922871289796404,1011.1162579456745,0.0003747137070035933,17.780026109369658,0.003125077432391876,216653.5,565.5
1776296887.5524473,24.973359375,0.013085937499999645,44.21993277009136,0.004570390040779415,1011.1163495700284,0.0035115263348757253,17.779262011524946,0.029285800576758447,218435.5,359.5
1776296889.5684018,24.92013671875,0.013574218749999645,44.23201871361351,0.007674590967994277,1011.10971504943,0.0009990613487502742,17.834593400759317,0.008332122296742739,220249.0,585.0
1776296891.644522,24.884394531250003,0.005957031250000355,44.23090472301066,0.0023536038864548914,1011.0969084856348,0.0034608109932605657,17.941400094535283,0.02886328873631605,218723.0,216.0
1776296893.6255112,24.8548046875,0.013671875,44.264026308150804,0.0075503929299465256,1011.0958298805849,0.006140686863091105,17.95039578943917,0.05121359456269481,219520.0,581.0
1776296895.7006526,24.81291015625,0.008691406249999645,44.29267132796836,0.005083359387775488,1011.0951461768802,0.001704451235639226,17.95609779330587,0.014215204956091299,220760.5,220.5
1776296897.693954,24.77267578125,0.007519531249998934,44.2940822847483,0.011314981089896037,1011.1059818277815,0.00019230451835028362,17.86572832822171,0.001603814977290341,220981.0,294.0
1776296899.715945,24.74162109375,0.007910156250000355,44.360572355952144,0.014321535426894627,1011.1087020544583,0.00044159899709939054,17.843041729527954,0.0036829168090850573,220616.0,807.0
1776296901.747859,24.706953125,0.009179687499999645,44.42361179619805,0.00807834251420303,1011.102912633485,0.0036866547596901,17.891325410289326,0.030746686073298335,221867.0,0.0
1776296903.7830017,24.66701171875,0.0061523437499992895,44.498258825071034,0.02673900045321531,1011.1053649285957,0.0002472683558494282,17.87087325368993,0.002062213056175821,221055.0,368.0
1776296905.8065596,24.6471875,0.005273437499999645,44.62412249599495,0.032965798488536535,1011.1094765076148,0.0014747956172413978,17.83658283183095,0.012299724945378898,220101.0,146.0
1776296907.8514044,24.63048828125,0.00146484375,44.729053827852766,0.03648569889544717,1011.113347575701,0.0002774909509639656,17.804298352082526,0.0023142540894767194,220257.0,1462.0
1776296909.8773649,24.62736328125,0.0010742187500003553,44.86926443215454,0.036561093566930936,1011.110935227834,0.003507728291140211,17.82441721586595,0.029254252088135146,218509.5,719.5
1776296911.8945465,24.621796875,0.0029296875,45.03990284439504,0.04249900971580445,1011.1089852406074,0.0005548798852714754,17.840679969760366,0.004627673536408139,217790.0,286.0
1776296913.9087641,24.601875,0.005273437500001421,45.14775486028775,0.029999018462127935,1011.1120505191878,0.0014757855379912144,17.815115720497452,0.012307955469170295,219593.0,654.0
1776296915.923795,24.586640625,0.0025390625000003553,45.16739053257028,0.009487011053121108,1011.1050378870743,0.0005797938497948962,17.8736007746028,0.004835470177598111,220247.0,146.0
1776296917.9647846,24.58712890625,0.0020507812500003553,45.1184566187176,0.015065890889957245,1011.0978769632623,0.000672167798143164,17.933322920774664,0.005605899377128409,220174.0,73.0
1776296919.9762263,24.57677734375,0.01201171874999929,45.04989752629558,0.022836948154225212,1011.0925903229011,0.0017916105662720838,17.977413760758047,0.014942148531922328,221135.5,1326.5
1776296922.0134265,24.5337109375,0.0066406249999992895,44.998929563387144,0.0007812684449390872,1011.0934897086453,0.0016084869276937752,17.969912825835674,0.013414875825631611,222174.5,1487.5
1776296924.058085,24.49357421875,0.012792968750000355,44.957505422215675,0.007620077976994821,1011.0955939602187,0.00047183523020066787,17.95236325052319,0.003935127013184214,224342.5,227.5
1776296926.1320796,24.46017578125,0.005566406249998934,44.93829092744626,0.0037116004265946856,1011.0980103483998,0.0015801002317630264,17.932210491657813,0.013178081400978314,223662.5,301.5
1776296928.1488607,24.43634765625,0.0051757812499992895,44.94772359372741,0.0036657707190599353,1011.0938470460179,0.002204272139465502,17.966932619091015,0.018383754361664728,224191.0,76.0
1776296930.1645463,24.39181640625,0.008691406249999645,44.93943695635368,0.0010202937770102949,1011.0888115334942,0.00260296995020326,18.008929169528507,0.021709004203197324,224800.0,533.0
1776296932.192314,24.37697265625,0.00048828125,44.94686711373617,0.0030002849929289255,1011.0585720872057,0.006090989464155427,18.261132034550386,0.05080063182150951,223895.5,1284.5
1776296934.212961,24.3790234375,0.0009765625,44.98992011587815,0.009289880130584294,1011.0283310579591,0.005483619434698994,18.513354085163968,0.045736095966800505,221203.5,663.5
1776296936.243946,24.377949218749997,0.0010742187500003553,45.035676394294576,0.018228877592868287,1011.0053915719548,0.008807043133174375,18.7046826507583,0.07345644148653818,221351.5,664.5
1776296938.2760296,24.3684765625,0.0031250000000007105,45.12330174473606,0.027178537920406143,1010.9865075635196,0.005064202752464553,18.862188524431552,0.04223936838939757,222987.5,674.5
1776296940.2887006,24.35607421875,0.0036132812500007105,45.25656271222074,0.027141038664179717,1010.9628760674148,0.004088945391742982,19.059295317646267,0.03410561308719551,222016.0,0.0
1776296942.330993,24.3508984375,0.0011718750000007105,45.43370285233192,0.04585408856278761,1010.9403567752802,0.007198454155229683,19.247129000084094,0.060042895373994654,220835.0,588.0
1776296944.35307,24.34640625,0.0007812500000010658,45.65715114188734,0.06131014585333716,1010.9145293167943,0.0056821467989038865,19.462560108548338,0.04739623204100063,219446.0,73.0
1776296946.403167,24.3458203125,0.00019531250000071054,45.91208714288419,0.04609692103106511,1010.8994481449085,0.0029661818091994974,19.58835668134485,0.024741975961191542,218006.5,644.5
1776296948.4323523,24.344453125,0.0007812500000010658,46.08111155647288,0.037025664340248454,1010.8716190954235,0.007566321941112619,19.820491416124714,0.06311478547141647,217009.0,781.0
1776296950.443218,24.34923828125,0.00048828125,46.1863550360476,0.018535959046214856,1010.832561679234,0.010690836121113989,20.146295745620357,0.08918083893554929,218078.5,716.5
1776296952.4717844,24.3493359375,0.0,46.21100415379421,0.006160012572347995,1010.8009235836321,0.00794908065307709,20.410217650701796,0.06631133800418887,218867.5,216.5
1776296954.5468557,24.3505078125,0.0007812500000010658,46.20190505802727,0.009145845225042137,1010.7727924558997,0.003915506223904686,20.64489038182863,0.032663941786800876,219594.0,799.0
1776296956.5270734,24.338203125,0.002343750000001421,46.22814933319984,0.005879320200094185,1010.7563888377348,0.0011477821683456568,20.78173352170424,0.009575155918492229,220393.0,0.0
1776296958.6081302,24.337421874999997,0.0015625000000003553,46.28351008298307,0.01867510736528999,1010.7427580247797,0.008950185472656358,20.89544688795696,0.07466604687631673,219446.0,73.0
1776296960.5979114,24.34884765625,0.003222656250001066,46.398929767367434,0.028137855147836177,1010.7232914402941,0.0018446040108415218,21.05784597494491,0.015388668517926973,217718.5,71.5
1776296962.6288044,24.36935546875,0.005566406249998934,46.51243663730394,0.0160984357659828,1010.7123545863078,0.008646969130211346,21.14908767064435,0.07213825120169837,216726.5,920.5
1776296964.6417346,24.3899609375,0.0037109374999992895,46.573557586106425,0.018967659650989788,1010.6945072771638,0.0063541285754809,21.29798167745445,0.05301074518836835,218076.0,0.0
1776296966.6725168,24.41037109375,0.005761718749999645,46.54824371833214,0.020908196649720878,1010.6683906152391,0.003915958966501876,21.515867992789687,0.03267045101875787,219157.5,506.5
1776296968.6959066,24.413691406250003,0.0038085937499996447,46.397488016215576,0.043628694887043906,1010.6614030343686,0.0017530934020442146,21.574164798000396,0.01462596345930578,220540.0,147.0
1776296970.7263439,24.406367187500003,0.0023437499999996447,46.26714435709768,0.03725642314178401,1010.6539548434623,0.002030115692207346,21.6363048408944,0.016937246515240645,223137.5,675.5
1776296972.7567878,24.41349609375,0.004785156249999645,46.08014426392096,0.03944030744879612,1010.6504868316042,0.00019827796296567612,21.665238475505067,0.001654236790749053,222987.5,674.5
1776296974.7825525,24.438203125,0.006054687499998934,45.92619037151536,0.03618050090645042,1010.6463428887611,0.001857618109397663,21.699811537727204,0.015498194436318613,221867.5,148.5
1776296976.8144617,24.46359375,0.007226562499999645,45.818538784841536,0.005285124704140998,1010.6565539031053,0.0011051832114503668,21.614620910320454,0.009220519592668452,220614.5,513.5
1776296978.8341599,24.483125,0.0007812500000010658,45.78706241598607,0.015272017007507799,1010.6528549573366,0.001265455680879768,21.645481181744426,0.01055770062232142,221721.5,740.5
1776296980.8567324,24.474921875,0.0078125,45.72156545036704,0.02550497158129517,1010.6590023575799,0.0020539700324206933,21.59419353772781,0.01713619387443721,223586.5,75.5
1776296982.8823001,24.43712890625,0.00908203124999929,45.618802974564204,0.02563800308164943,1010.6560862042268,0.0005782362375725825,21.61852290970183,0.0048242142117711495,225947.5,461.5
1776296984.9165387,24.4223828125,0.0009765625,45.521913853178084,0.021592246076046706,1010.6542827237383,0.0010680423123972105,21.633569327555804,0.008910670092694417,225639.5,153.5
1776296986.9565268,24.39435546875,0.0055664062500007105,45.420446685682165,0.02825416460080632,1010.6645283989458,0.0015820168635514165,21.54809008106752,0.01319864810222704,227185.0,467.0
1776296988.982838,24.31818359375,0.02001953125,45.28885021994752,0.02380736280874629,1010.6568298038134,0.00505522446849227,21.612319158269443,0.042175618916253654,225103.5,76.5
1776296990.9981387,24.269453125,0.010351562500000355,45.20959883827873,0.02265265440654929,1010.6547132094022,0.0008906715533498755,21.62997778790836,0.007430864437194984,226566.5,773.5
1776296993.0302143,24.23654296875,0.00732421875,45.16898450728745,0.010045119197037877,1010.6552597801378,0.0003872932350645897,21.625417752224063,0.0032311824222368557,228437.0,629.0
1776296995.093053,24.20822265625,0.008105468750001066,45.13504597687955,0.0101341215797639,1010.6561741398135,0.0025371330706320805,21.6177892851517,0.021167252694814565,230499.0,320.0
1776296997.0938706,24.16662109375,0.01103515624999929,45.08120108197756,0.010473628904726695,1010.6461597134708,0.0028707267253480495,21.701339793831963,0.023950610333651312,229621.5,79.5
1776296999.10629,24.11369140625,0.011816406250000355,45.07498518676647,0.013906677808222412,1010.6407376030029,0.001490313996328041,21.746576798861305,0.012433814945536525,230980.5,482.5
1776297001.1331756,24.07755859375,0.004785156249999645,45.12886759541537,0.023914666035402377,1010.6369222377689,0.0006917840759115279,21.778408754546707,0.0057716303382022716,231302.5,322.5
1776297003.1685367,24.052363281250003,0.005761718749999645,45.22077611286179,0.014627872057879188,1010.6384673108792,0.002274934288664099,21.765518063985645,0.018980002520459394,231061.5,563.5
1776297005.1855414,24.027363281249997,0.008886718750000355,45.28212763355979,0.0010463566921714573,1010.6403258663327,0.002043361167295643,21.75001195960993,0.017047939602882423,231302.5,322.5
1776297007.2207234,23.9739453125,0.011328124999998579,45.31871039655638,0.010916163825108072,1010.6305500942018,0.001588533748304144,21.831572389009395,0.013253378765762491,232193.5,568.5
1776297009.265731,23.9473828125,0.0029296875,45.398289029454055,0.02722940992517664,1010.6325158090805,0.0012177511400750518,21.815172140120016,0.010159867047658366,230902.0,723.0
1776297011.2951975,23.93634765625,0.00244140625,45.48892480120077,0.008908046685885296,1010.6305178977259,0.0021917685980383794,21.831841016731822,0.018286259372096936,229623.0,715.0
1776297013.3157642,23.923945312500003,0.004492187500000355,45.55491164949122,0.008668717966262562,1010.6254208554068,0.004633187284298401,21.874366559957128,0.03865554532817583,231467.0,969.0
1776297015.3621893,23.912714843750003,0.0020507812500003553,45.58425183750512,0.0033095484703125067,1010.6107486300823,0.004206612119162401,21.996780378239734,0.03509696176706001,231545.0,404.0
1776297017.3882048,23.90685546875,0.0026367187500007105,45.626502593981186,0.00889131128769094,1010.6021341583144,0.004273688707769452,22.06865361710563,0.035656846930208985,230511.5,1761.5
1776297019.4034011,23.89259765625,0.00244140625,45.62174772829517,0.00028883554303860137,1010.5904984159343,0.0004558535098340144,22.165734988581686,0.003803377240242156,231464.0,323.0
1776297021.407294,23.889375,0.00019531249999893419,45.58762742100485,0.021445951864588864,1010.5746838739171,0.00233121500082234,22.297683206346747,0.01945055205122692,233171.5,245.5
1776297023.4715426,23.89083984375,0.00048828125,45.550999273693094,0.009141382233949003,1010.5602888041074,0.004504168409482645,22.41778958218315,0.037581077903741544,232195.5,893.5
1776297025.4861104,23.89123046875,0.00048828125,45.52038434042829,0.003123480286852498,1010.5432700156703,0.006086967683586408,22.559788941249003,0.05078804904881018,230258.5,239.5
1776297027.528204,23.88771484375,0.0026367187500007105,45.5077064077432,0.0027542585721214152,1010.5260983148344,0.005156056356611316,22.703066023764006,0.043021362981843225,230504.0,1121.0
1776297029.5445216,23.864765625,0.0078125,45.46208741427438,0.01624483677084143,1010.5021418012179,0.005601705505057453,22.902957524437916,0.04674069002672887,235078.5,1332.5
1776297031.5754325,23.83673828125,0.0055664062500007105,45.43733111396797,0.006784356427292693,1010.4849571808403,0.0072569116590557314,23.046347237145376,0.060552581495832314,234003.5,1567.5
1776297033.5963926,23.819453125000003,0.0033203124999996447,45.44142178045302,0.005736859850436815,1010.4631192346369,0.008028996029679547,23.228567434310968,0.06699612271397548,234081.5,1155.5
1776297035.6094468,23.81251953125,0.0016601562500007105,45.46511884710428,0.00593325663851374,1010.4430565280817,0.005338179572277113,23.395977330197624,0.04454393576131643,232193.5,568.5
1776297037.6120648,23.807734375,0.0009765625,45.51359352142436,0.012146149840688736,1010.4211812714739,0.007760098972369178,23.578515050894644,0.06475454878321152,231708.0,728.0
1776297039.6712694,23.805390625,0.0007812500000010658,45.556236969015934,0.012172134962710857,1010.4041455404183,0.0030311336630006736,23.72067139290434,0.025293797529549522,231142.0,483.0
1776297041.7010424,23.799433593750003,0.0020507812500003553,45.59232986964432,0.005891122324822362,1010.383018856264,0.00950094858006878,23.896968275919317,0.07928358333260732,233253.5,327.5
1776297043.696264,23.791132812500003,0.0025390625000003553,45.579082824543114,0.00029991494849923583,1010.3633886633282,0.0076448209422324,24.060779631724422,0.06379555979530771,233417.0,0.0
1776297045.7236495,23.784296875,0.0021484375000007105,45.57520905354197,0.0033200913619637618,1010.3373082545841,0.0025994246861955617,24.278421137594442,0.02169249225377179,234324.0,248.0
1776297047.7846098,23.77599609375,0.00146484375,45.53130616366422,0.0093694562351061,1010.3141488746294,0.007668557825411426,24.471690743628503,0.0639961679547234,235071.0,0.0
1776297049.7840946,23.775019531250003,0.0010742187500003553,45.54038849336086,0.01852091897954722,1010.2966824753812,0.001788834196361222,24.617453355429475,0.014928509218115948,232608.5,1467.5
1776297051.8121583,23.782734375,0.001953125,45.70079752708778,0.049328469789607254,1010.2835944214464,0.006541663616815185,24.726678903453095,0.05459327096094313,229940.0,239.0
1776297053.8290017,23.788984375,0.0015625000000003553,45.86731938776241,0.03704435838389131,1010.2646022028829,0.008057300588461658,24.88517921320404,0.06724300050420062,230261.0,719.0
1776297055.855366,23.80041015625,0.0032226562499992895,45.98851099255536,0.03419493321446865,1010.2451720707934,0.004484866606844662,25.04733641877244,0.03742948157801784,228436.5,471.5
1776297057.9103386,23.81583984375,0.0038085937499996447,46.11642095940431,0.031215295792812014,1010.2216388927088,0.004418338983896319,25.243739797294587,0.0368749555826593,228750.5,157.5
1776297059.9326234,23.82990234375,0.002832031250001421,46.191939697469124,0.006493195436075183,1010.2153033266326,0.001588589128118656,25.296615789944333,0.013258251849888936,228675.0,867.0
1776297061.9441838,23.839374999999997,0.0023437499999996447,46.214615084129406,0.002797970671370109,1010.1856442286294,0.012087681440902998,25.54415193443188,0.10088532764876668,229146.0,396.0
1776297064.0072014,23.84708984375,0.0002929687500010658,46.227849223327965,0.003043217105091145,1010.1434281378577,0.006585516826874027,25.89649841834587,0.054965421452472185,229547.0,1112.0
1776297066.0349472,23.83546875,0.0021484375000007105,46.20491536770406,0.012567686298684322,1010.1316595604844,0.005245957444742544,25.99472419685094,0.04378532308767724,232682.0,571.0
1776297068.0549307,23.837421875,0.0021484375000007105,46.14360604358609,0.030510545928663646,1010.1109962561259,0.004461722625990205,26.16719163034832,0.03724033307546115,233417.0,0.0
1776297070.0736146,23.85373046875,0.004785156249999645,46.087100489301875,0.008656784216359625,1010.1021179433521,0.0001901745859527182,26.241295789772295,0.0015873275670568177,233091.0,655.0
1776297072.10076,23.87267578125,0.00439453125,46.040152774224254,0.014851411275461857,1010.1019225682392,0.0035893487000180357,26.242926567615985,0.02995917150163052,230987.0,1286.0
1776297074.1109557,23.88556640625,0.002050781249998579,45.99556997806972,0.02483821467995284,1010.1192764032795,0.007268433334729707,26.098080672756872,0.06066649687549308,232600.0,489.0
1776297076.1478329,23.880976562500003,0.0013671874999996447,45.893605353563196,0.033959134770562116,1010.154203760131,0.0066106319405889735,25.80656104971089,0.05517456591830694,234158.5,82.5
1776297078.175885,23.87873046875,9.765624999857891e-05,45.78276595538223,0.027622371545813706,1010.1805720347968,0.005453632925252805,25.586484806483924,0.04551689950086768,236242.5,336.5
1776297080.1946962,23.8774609375,0.0007812499999992895,45.71200870486426,0.018507602597086503,1010.1996967214328,0.0012658182682798724,25.42686821825329,0.010564561366127379,235071.0,0.0
1776297082.2256377,23.87833984375,0.0002929687500010658,45.66301205712371,0.00610192789312336,1010.2037684722388,0.001357251548313343,25.392885306860563,0.011327629593450794,235906.5,167.5
1776297084.2372928,23.885761718749997,0.0030273437500003553,45.67002789630516,0.012632274916200004,1010.2007899486023,0.0013746882812597505,25.417744112894724,0.011473184063811814,233090.0,491.0
1776297086.3100116,23.89669921875,0.0028320312499996447,45.70814923320009,0.012612299646949765,1010.2088027571033,0.0019407448863830723,25.35086922627623,0.01619740314802698,232681.0,408.0
1776297088.304977,23.904609375,0.00019531250000071054,45.77662339481334,0.018445795741460103,1010.2057321307175,0.000566158293963781,25.37649660917999,0.0047251530942418185,233090.0,491.0
1776297090.3185298,23.9071484375,0.00039062499999964473,45.835272808770284,0.015403851232942856,1010.2071981051407,0.004662756119500955,25.364261675909727,0.03891528366971997,233258.5,1147.5
1776297092.342994,23.9075390625,0.0007812499999992895,45.9274901252818,0.02756529189466761,1010.2051831730304,0.00038317067048865283,25.38107820655934,0.003197941096118484,233588.5,1315.5
1776297094.381318,23.8909375,0.006445312499998579,45.98083726469674,0.009989280497151753,1010.209175829828,0.0019132716172407527,25.34775557174359,0.01596810723021136,234821.0,83.0
1776297096.4068878,23.8622265625,0.007617187500001066,45.925173055433774,0.013197276984858064,1010.2023721383246,0.0008688885068863783,25.404539120998287,0.007251756826640587,238117.0,1538.0
1776297098.4764426,23.843378906250003,0.0018554687499996447,45.83691611761329,0.018647783344434288,1010.2053696172393,0.00212393901199448,25.379522158546436,0.017726385034047,239828.5,346.5
1776297100.4840155,23.826777343750003,0.005957031250000355,45.75818549301634,0.028334107768625216,1010.197884648311,0.0018200273285060575,25.441991857497662,0.015190030676869526,238621.5,343.5
1776297102.52653,23.80646484375,0.003808593750001421,45.67291540020433,0.01272338931538286,1010.2029177889265,0.0008765958907019922,25.399985113735795,0.007316079569928746,240003.0,521.0
1776297104.5445468,23.793671875,0.004101562499998934,45.606984641576595,0.02195340061738449,1010.2139564696361,0.0021782112229971062,25.307856576114663,0.018179215531812787,239486.5,1037.5
1776297106.5775573,23.7798046875,0.00390625,45.580811280646074,0.0035278077746987435,1010.2108992017631,0.0007295574247336845,25.33337236100506,0.006088855860690856,238879.0,258.0
1776297108.6221662,23.7555859375,0.009960937499998934,45.617817524511594,0.01109092904377107,1010.2087146074846,0.003788106637614419,25.351604955977386,0.03161543546773693,239137.0,172.0
1776297110.6477602,23.71701171875,0.008886718750000355,45.693015379171655,0.023494243116381597,1010.2000286512207,0.0011662788522244227,25.42409792076202,0.009733799500143192,241229.5,1227.5
1776297112.6505792,23.69904296875,0.001855468750001421,45.79523708663454,0.030479357176773192,1010.1956144535252,0.005653922901387887,25.4609391192846,0.04718798298001303,238108.5,512.5
1776297114.6649857,23.6962109375,0.0009765625,45.930030168031195,0.03060710473007333,1010.1883779282323,0.0015826023915224141,25.521335674291656,0.013208572027041399,236921.0,1015.0
1776297116.7243428,23.684296875,0.0023437499999996447,46.07614466530971,0.024319889955300766,1010.1602472480276,0.012621205879383979,25.756120568288488,0.10534033488577954,237511.0,85.0
1776297118.7388382,23.67814453125,0.002246093750001066,46.186139766492204,0.0058857437795722944,1010.1229259353136,0.009815870202317,26.067619783662202,0.08192862058165495,238622.5,686.5
1776297120.753939,23.666621093750003,0.0028320312499996447,46.20014994795563,0.002739240327706227,1010.0927824827991,0.006353826229258175,26.319216374855856,0.0530337897769666,238536.0,429.0
1776297122.805532,23.652265625,0.004296874999999645,46.18613092572904,0.0035889444871983756,1010.0615793643831,0.00608069111893883,26.579664203723475,0.050755269225332356,239482.0,173.0
1776297124.8205948,23.6317578125,0.0033203124999996447,46.205223514551605,0.0057579716778661805,1010.0336405925516,0.0009693150284988405,26.812870430654257,0.008091012380289087,239137.0,0.0
1776297126.8653655,23.62521484375,9.765625000035527e-05,46.2413704262351,0.012298555996004268,1010.0177446940254,0.004569327214255736,26.94555670100882,0.03814131949051358,237113.5,2541.5
1776297128.858067,23.619746093750003,0.004003906250000355,46.25918373268033,0.005677892296535703,1010.0080006415637,0.0029592767563713096,27.026893026229715,0.02470201774279701,205539.0,13690.0
1776297130.8748236,23.607929687499997,0.0015625000000003553,46.2854758426921,0.002891741383969304,1009.9976747804333,0.0007675720115116746,27.11308657983119,0.0064072190497874715,185848.5,204.5
1776297132.8999944,23.58810546875,0.005175781250001066,46.29850096143884,0.0006178913433672051,1009.9920156112878,0.0030942700921627875,27.16032598035179,0.025829180751291148,179330.0,0.0
1776297134.92058,23.565449218749997,0.0038085937499996447,46.320424538019836,0.005702664035784011,1009.9852942584356,0.000885182729234657,27.216432076218613,0.007389034322972776,180868.5,193.5
1776297136.946841,23.5462109375,0.0070312500000007105,46.336600411996706,0.0114760295203169,1009.9858742227339,0.0008092345275940716,27.211590843613013,0.006755056014235095,179534.0,1528.0
1776297139.0255833,23.53595703125,9.765624999857891e-05,46.38464536592892,0.018466712654966244,1009.9886633918799,0.0016059262026146826,27.188308387298292,0.013405381041357245,185157.0,1932.0
1776297141.0164566,23.52912109375,0.005761718750001421,46.436190620799685,0.014713983794720775,1009.993462700748,0.004044934634293895,27.148246542498118,0.033764740464167886,178151.0,5074.0
1776297143.051083,23.494257812500003,0.010351562500000355,46.428941568752215,0.01355892469727138,1009.992531724072,0.0017818150373045682,27.156017748200703,0.014873557332743204,188827.0,6984.0
1776297145.0674958,23.45587890625,0.006933593749998579,46.39663514082366,0.010067043629533146,1010.0000095220264,0.0011101255072389904,27.093597613409365,0.009266627595060584,208229.0,1176.0
1776297147.101363,23.4266796875,0.0107421875,46.37159287881404,0.0012822662559948128,1009.9985460151444,0.003299927084412957,27.105814085328728,0.02754574240590557,187650.0,3425.0
1776297149.1292138,23.3876171875,0.00390625,46.394643025988984,0.014930192270011133,1010.0049031208213,0.0019221687679191746,27.05274902535114,0.016044989646582408,181072.0,1360.0
1776297151.1545234,23.37892578125,0.00146484375,46.442880543876335,0.015225611045465826,1009.990815313151,0.0014924712178867594,27.17034535663735,0.012458300276483314,184639.0,1414.0
1776297153.173586,23.375703125,0.0,46.52876054135433,0.021571431397028107,1009.9944104838644,0.002645620503756163,27.140334976950946,0.02208407054215833,186051.0,407.0
1776297155.192603,23.373164062500003,0.0015625000000003553,46.60243065679899,0.015227496638416937,1009.9973498711498,0.00011293733746242651,27.115798721113904,0.0009427316756465132,191893.5,4381.5
1776297157.2845728,23.364765624999997,0.0025390625000003553,46.70935924567345,0.018204105981887153,1010.0022557913944,0.001175497127746894,27.074847190796422,0.009812290985600214,206533.5,3534.5
1776297159.2701294,23.355488281249997,0.0020507812500003553,46.77303738353955,0.015183112942914079,1010.0039729421617,0.004206072128283722,27.060513589417923,0.035109525864678304,219324.0,2247.0
1776297161.30803,23.349628906249997,0.0010742187500003553,46.80628068126707,0.00012908431622804528,1009.9883022968471,0.001741246522556139,27.191322610265622,0.01453496421153666,227730.5,390.5
1776297163.3282113,23.34982421875,0.00048828125,46.812477277484994,0.006231801702021755,1009.9815641832951,0.0009722051294147604,27.247568805406857,0.008115475273575257,228671.5,236.5
1776297165.4021904,23.35392578125,0.00146484375,46.816056742759685,0.00326269983973404,1009.9829214800792,0.002374402096393169,27.236238802205307,0.019820282725582672,229306.0,713.0
1776297167.3923388,23.35587890625,0.00048828125,46.8440736467463,0.006115575327953593,1009.9843236554476,0.002735917595941828,27.22453417897441,0.022838001779501127,232689.0,1387.0
1776297169.4151313,23.35529296875,0.00029296874999928946,46.85017758378752,0.006139269433909078,1009.991310505756,0.0004069618640301087,27.16621176453438,0.003397084667945194,234076.0,330.0
1776297171.46447,23.35158203125,0.0012695312499992895,46.865168069504534,0.0032402084511069518,1009.9967592436831,0.002057849201889894,27.120728932514844,0.01717767204616827,237941.0,1024.0
1776297173.5049565,23.349726562500003,0.0005859375000003553,46.840246703705915,0.003016602502771803,1010.0025700005706,0.0027134604549132746,27.072224395826005,0.02265021004663481,237511.0,85.0
1776297175.5188231,23.352070312499997,0.00039062499999964473,46.85287744034798,0.009308834130969501,1010.0072509781346,0.0002486509151253813,27.033150676431816,0.002075568970873576,236326.5,84.5
1776297177.5450811,23.353828125,0.0,46.8808764710911,0.0,1010.0153914016582,0.0008818441427820289,26.96520017348869,0.007360987967144794,237853.5,767.5
1776297179.5869346,23.353046875,0.00019531250000071054,46.86225686374529,0.0061984041337659335,1010.0220616015166,0.00031659956687235535,26.90952238504233,0.0026427267902420226,239482.0,173.0
1776297181.6190102,23.35109375,0.0007812499999992895,46.84041177211781,0.01552923777033044,1010.0162500847966,0.00038455353421795735,26.95803251695456,0.003209968579810152,238278.0,171.0
1776297183.6335292,23.345234375,0.0017578124999992895,46.79340750133805,0.006383582845050029,1010.0146886332623,0.0028494021395886193,26.971066394709545,0.023784732090676997,241398.5,175.5
1776297185.6308646,23.3426953125,0.00019531249999893419,46.771500615911755,0.009280869576500095,1010.0079273468398,0.004725742456059834,27.027504885881044,0.03944726717755209,240437.5,435.5
1776297187.6532037,23.34494140625,0.00048828125,46.78411384351175,0.0031446882999297543,1010.0071590747948,0.002735831949337353,27.03391784796027,0.02283686877366975,238454.0,1028.0
1776297189.7184162,23.347675781249997,9.765625000035527e-05,46.80913269358115,0.00924774179813781,1010.0098277803615,0.0001582988895734161,27.011641303552544,0.001321368892570618,238881.0,774.0
1776297191.7230592,23.3442578125,0.001953125,46.817981468094686,0.005938536492717361,1010.0157511068826,0.0030068078515341767,26.962197646243652,0.025098618860475597,240612.5,610.5
1776297193.7421858,23.33673828125,0.002050781249998579,46.83868536121939,0.009014374276663517,1010.0114983864928,0.0015606848326683576,26.997696264364084,0.01302749269547121,239395.5,86.5
1776297195.7549803,23.3274609375,0.0017578124999992895,46.84374387999337,0.0032983452071384534,1010.0149777522856,0.0015595759709299273,26.968653021100153,0.013018200389049994,241577.5,879.5
1776297197.8157952,23.32296875,0.0007812500000010658,46.84629095039336,0.0062680217824464535,1010.0191592277833,0.00049716336121719,26.933749170863265,0.004149942475651258,241049.0,525.0
1776297199.8268805,23.32150390625,0.00048828125,46.83685388311819,0.003145567827310458,1010.0176664550324,0.0016733255225176435,26.946209721023273,0.01396766840720609,241048.0,0.0
1776297201.8567007,23.320625,0.0,46.830574603257176,0.0030867621740249263,1010.0197689033655,0.000881798782813803,26.928660064762468,0.007360583506061502,239661.0,1212.0
1776297203.8689463,23.3190625,0.0,46.84582134380171,0.006174052084148229,1010.0207632007618,0.0008817966710807923,26.920360431965374,0.007360560010255313,239223.5,258.5
1776297205.8885841,23.3212109375,0.0013671874999996447,46.88312804944417,0.006339852764885023,1010.0171915338299,0.00042912712063980507,26.95017399958359,0.0035820332186222714,240525.5,697.5
1776297207.9261303,23.329609375,0.0029296875,46.911930480445236,0.00961733213501148,1010.016696811615,0.0021036695617908663,26.9543035867489,0.017559871835823415,239745.5,952.5
1776297209.945367,23.34376953125,0.00439453125,46.94761006635193,0.01288501500198791,1010.0167232461592,0.0009507195002242952,26.95408291901674,0.007935900451300881,239747.0,1126.0
1776297211.9778845,23.3606640625,0.0041015625000007105,47.02379827443972,0.019036794442165217,1010.0185356055201,0.0013573849423664797,26.938954702932776,0.011330425139297162,236505.5,1601.5
1776297214.0174193,23.37580078125,0.0032226562499992895,47.068894677289315,0.006571454994706016,1010.0113243550747,6.75509816687736e-05,26.999148947468804,0.0005638678772417194,237767.0,511.0
1776297216.0739598,23.38537109375,0.0012695312499992895,47.09169015524056,0.0032449785863875036,1010.0162545424653,0.0002940302827596497,26.95799530742574,0.002454347396419365,239658.5,865.5
1776297218.117101,23.379609375,0.0023437499999996447,47.06626385991809,0.015738818449356984,1010.0086790343746,0.0002715055215958273,27.02123023965879,0.0022663411080454665,242635.0,355.0
1776297220.1104257,23.37208984375,0.00146484375,47.01281455609242,0.012537465907819012,1010.0026636127216,0.0014925277213819754,27.071442965078802,0.01245865359456566,241664.0,616.0
1776297222.138486,23.3645703125,0.001953125,46.96865093544338,0.012592915781670655,1009.9975299225996,0.0005202996185857955,27.114295762936244,0.004343141706607767,239915.5,433.5
1776297224.158083,23.357050781250003,0.0020507812500003553,46.933765171996775,0.00951319172311571,1009.9950416465407,0.00020320152395925106,27.135066383396445,0.001696204921923794,241135.5,87.5
1776297226.2056768,23.35568359375,0.0006835937499989342,46.91198046342769,8.229403211146291e-05,1009.9998803014987,0.002871763058067245,27.094676288404347,0.023971669314885702,240792.5,1310.5
1776297228.2272422,23.3575390625,0.0,46.88749915080059,0.012351685476591712,1010.0143519580502,0.0008818491964461828,26.973876689789705,0.00736103628513618,240175.0,0.0
1776297230.2592905,23.352558593749997,0.005957031250000355,46.84676152735844,0.003803513058098673,1010.0106879056683,0.000925923604199852,27.004461581731768,0.007728960117621142,241846.0,1322.0
1776297232.266521,23.3255078125,0.0070312500000007105,46.82498797188302,0.002241675063096693,1010.0100479910266,0.0016979703592028272,27.009803147998305,0.014173471610737565,244963.0,181.0
1776297234.2845817,23.30060546875,0.0032226562499992895,46.80964998753961,0.003473424184981866,1010.0049517851177,0.0025788220323192945,27.05234281798929,0.021526294612511876,246602.5,366.5
1776297236.3404832,23.283808593750003,0.004980468750000355,46.798374068564925,0.0005980700692092,1010.0015301700031,0.002507174692141234,27.08090422779445,0.02092828758040355,245325.0,0.0
1776297238.4056373,23.262812500000003,0.010156249999999645,46.7927676704429,0.010476832047711326,1010.0045257160888,0.0011696991748522123,27.055899342367304,0.009763875649630549,245598.5,454.5
1776297240.4174788,23.231074218750003,0.009667968749999645,46.78587203339862,0.0011601988833582766,1009.9927493743935,0.0042117500420886245,27.154200978585592,0.03515723769463186,247799.0,278.0
1776297242.4559383,23.192500000000003,0.009179687499999645,46.79975727614675,0.011241277067387756,1009.9866378411216,0.003421448846211206,27.205216605609543,0.028560403277541724,248169.5,278.5
1776297244.5015948,23.14962890625,0.011816406250000355,46.82855714551351,0.004504085273772773,1009.9806060902101,0.0028808991017967855,27.25556650816916,0.024048302845002922,243713.5,4920.5
1776297246.4856281,23.1028515625,0.00996093750000071,46.85689121942368,0.004977208680223555,1009.9858637530984,0.002928377925741188,27.211678265021185,0.02444452925278462,231650.0,2426.0
1776297248.5239978,23.0676953125,0.010156250000001421,46.88045039732503,0.0142140551013199,1009.985273886037,0.0014835693406780592,27.216602138905447,0.012384047488350092,231156.5,1932.5
1776297250.5433578,23.029609375,0.0066406249999992895,46.94688153137776,0.01772815870149458,1009.979928074942,0.0028355422774666295,27.26122624072805,0.0236696996586101,238793.0,172.0
1776297252.577054,23.00861328125,0.006738281250001421,47.027742769255894,0.02081255760060685,1009.9846621306481,0.0022937398730960012,27.22170875888404,0.019146929412722002,241054.0,1226.0
1776297254.6249382,22.97677734375,0.00732421875,47.08879065137949,0.011478280850930389,1009.9771035637945,0.003945400619500106,27.284803909865378,0.032934320854927535,247521.5,184.5
1776297256.660705,22.9633984375,0.00019531250000071054,47.15517140555577,0.0185228455108728,1009.9765591461435,0.0005645742050433,27.28934839848605,0.004712797995619411,247707.0,370.0
1776297258.6825304,22.964374999999997,0.0013671874999996447,47.220213310122475,0.01562597451308534,1009.9640418580666,0.0021894380583376005,27.39383732850966,0.018276575068592038,247063.5,827.5
1776297260.7136774,22.9784375,0.00390625,47.28686027659542,0.019032401142201394,1009.966575857072,0.002478782706077709,27.372684519035694,0.020691869312603473,248080.0,927.0
1776297262.7458858,22.9926953125,0.00390625,47.31023708374567,0.0035658418141295556,1009.9623751081201,0.005453019235403644,27.40775079981832,0.04551973881958915,246235.5,182.5
1776297264.7601502,23.00734375,0.00390625,47.33676105129082,0.009755542869001488,1009.9711457538093,0.0007166352185095093,27.334536931792442,0.005982157257193421,246059.5,1277.5
1776297266.7764814,23.02267578125,0.002636718749998934,47.375753006610566,0.009604584754114853,1009.9642780042836,0.0007499955049183882,27.391866058011594,0.006260668805547099,246605.0,916.0
1776297268.8401186,23.0325390625,0.0031250000000007105,47.423382204607506,0.018954887791689856,1009.9626437094984,0.0015416420848168855,27.4055085259571,0.012869041335019205,246240.5,1096.5
1776297270.852128,23.04630859375,0.004003906250000355,47.50866650971331,0.022169066965535222,1009.9594100932414,0.0014405030508441996,27.432501557650095,0.012024802349632324,243170.0,713.0
1776297272.8771503,23.06427734375,0.004785156250001421,47.57900964990904,0.02227376730233388,1009.9568142488051,0.00017412379884262918,27.454170750842977,0.0014535259909767007,240797.0,1660.0
1776297274.898723,23.0805859375,0.0037109374999992895,47.69569701766952,0.043866768453721505,1009.957695322351,0.0010347611025736114,27.446815855945555,0.008637826093377043,238450.0,343.0
1776297276.9304285,23.095625,0.003124999999998934,47.865070569579984,0.04383925116528076,1009.9582798195353,0.0011035762415758654,27.441936678206325,0.009212266645979739,239138.0,517.0
1776297278.9450567,23.111835937499997,0.004296874999999645,48.00679178326718,0.028485903772235588,1009.956355805097,0.002559208147147274,27.457997704824294,0.021363403206395404,240005.0,868.0
1776297280.9602878,23.133515625,0.005468750000000355,48.084021656010236,0.009994349964440374,1009.9624155558263,0.0018142842790780378,27.407413069205866,0.015144957368516287,238194.5,598.5
1776297283.0001507,23.15568359375,0.005761718749999645,48.111605232361754,0.0038149658931736496,1009.9692652766395,0.001407279298746289,27.35023434919122,0.011747369578259281,237511.0,425.0
1776297285.0127904,23.17794921875,0.005175781250001066,48.09257432863757,0.011799560327272474,1009.9762715790978,0.00395114932331353,27.291748923395385,0.03298233028777986,236158.0,84.0
1776297287.0269487,23.201777343750003,0.005957031250000355,48.08616928778372,0.008595210196190806,1009.9708215594924,0.0009220563257485992,27.337243165582443,0.007696924784939441,236663.5,84.5
1776297289.0741487,23.22755859375,0.00732421875,48.120419503075354,0.01644427504672663,1009.9711798217498,0.004878045462419323,27.33425262543922,0.04071978814355681,235405.0,334.0
1776297291.097457,23.25412109375,0.005761718749999645,48.18587529312262,0.010038958700807399,1009.9701566925609,0.000358447254825478,27.342793184340145,0.002992163224158517,236411.0,0.0
1776297293.1230597,23.28,0.007031249999998934,48.27617697030033,0.04132258194944782,1009.9803664778536,0.0034624399751237434,27.257566684652666,0.028902720353817912,233998.5,1072.5
1776297295.1471386,23.304218749999997,0.006249999999999645,48.44417999995378,0.019462186049629793,1009.9905282288058,0.0004498391294873727,27.172741766854465,0.0037550018899619175,234491.5,745.5
1776297297.2053967,23.33087890625,0.006738281250001421,48.472393274411715,0.005399533684883551,1009.9861275936232,0.001422777781044715,27.209475844055717,0.011876583767714166,233746.5,329.5
1776297299.2323925,23.35568359375,0.005957031250000355,48.447415285664206,0.0023800309436659006,1009.9831251457433,4.44198887521452e-05,27.234538687679937,0.0003707942361490524,233091.0,655.0
1776297301.2754107,23.38009765625,0.004980468750000355,48.41927668612052,0.008730409731199984,1009.9794865301733,0.0025098644404693005,27.264912032146324,0.020951110125256633,233089.5,327.5
1776297303.2932198,23.40275390625,0.005957031250000355,48.350439352822036,0.017948946757357476,1009.9747596942054,4.575527890438025e-05,27.30436938054362,0.00038194394177004654,234575.0,829.0
1776297305.3181736,23.426289062499997,0.005468750000000355,48.27862007241387,0.01800279776238156,1009.9785102857802,4.419793913257308e-05,27.273061220830144,0.0003689428806996631,236163.5,1092.5
1776297307.3505492,23.4493359375,0.005859375,48.163210786268266,0.030387511522437904,1009.9770573950098,0.0010872273306858915,27.285189256712727,0.009075655054497034,235991.5,587.5
1776297309.3673236,23.46955078125,0.005957031249998579,48.031977958592634,0.03346324703507264,1009.9754222555852,0.0017164683918053925,27.298838635376157,0.014328278013019613,237171.5,254.5
1776297311.4231606,23.486640625,0.002343750000001421,47.909771109983176,0.02767137127563757,1009.9793050142127,0.003798420959867599,27.26642726514362,0.03170734886433735,237936.5,170.5
1776297313.4453182,23.49376953125,0.00048828125,47.78021708421373,0.02167004175824161,1009.9855663518664,0.004319475792954108,27.214160845125605,0.036056677190799746,239309.5,172.5
1776297315.459051,23.5063671875,0.0046874999999992895,47.68554980424174,0.02424875661217385,1009.9927520220513,0.0003417100787714844,27.15417881851522,0.002852396820969716,238363.5,85.5
1776297317.4987378,23.525996093750003,0.004785156249999645,47.61349549712662,0.018025018465621656,1009.9945728851347,0.0015803021631199954,27.138979332510694,0.01319142328168077,236415.0,1011.0
1776297319.517257,23.54611328125,0.004003906250000355,47.55082829495103,0.015014164042877809,1009.9910086687207,0.000568276890078323,27.16873132814228,0.004743651303144247,234077.5,660.5
1776297321.5338297,23.56046875,0.003124999999998934,47.50297672599544,0.015117590999832231,1009.9878088902462,0.003299899234946224,27.195441323146472,0.027545747044531055,233829.5,576.5
1776297323.5842407,23.57560546875,0.004199218750001066,47.4583302499279,0.011884548332421474,1009.987638284351,0.0002523487071357522,27.196865411366197,0.002106468745862955,233581.5,164.5
1776297325.62399,23.5907421875,0.004296874999999645,47.40130136104785,0.008771348672610202,1009.9857023555021,0.0016699325977356239,27.213025506366012,0.013939704011093568,233336.0,410.0
1776297327.6711473,23.60890625,0.0046874999999992895,47.34465759639619,0.018012609073515762,1009.9860243105395,0.000343964953970044,27.210337989354002,0.002871234695389191,233171.5,409.5
1776297329.6919384,23.62794921875,0.00439453125,47.281943394321104,0.01494649287071681,1009.992180090434,0.002583495614487674,27.158952993763787,0.02156552738185269,234076.0,0.0
1776297331.6784968,23.64396484375,0.004785156249999645,47.21888163098474,0.011799399781263986,1009.9854890225445,0.0010687256029768832,27.214806290421954,0.008921151154584805,235825.0,754.0
1776297333.7209146,23.66408203125,0.00439453125,47.187279660163824,0.014939539928619183,1009.9889714153219,0.0009447007336689239,27.185737173157918,0.007885835698814958,234988.5,582.5
1776297335.735315,23.683613281249997,0.004785156249999645,47.127767056901014,0.014887792571251168,1009.9941496844491,0.001577309368144597,27.14251196089453,0.013166445673210347,235487.5,83.5
1776297337.7592752,23.70431640625,0.004980468750000355,47.04676835197127,0.02413456681500392,1010.0021076583595,0.004540406917726614,27.076083774147207,0.037900389636401854,234324.0,248.0
1776297339.8254938,23.72365234375,0.0051757812499992895,46.96563552838332,0.008646828199342593,1009.9928490194131,0.002202313749478435,27.153369156871175,0.018383631746917928,234490.0,414.0
1776297341.8557444,23.7430859375,0.004101562499998934,46.918537274723434,0.01495480233250035,1009.9943349989815,0.001351013379746746,27.140965062680117,0.011277458935113671,234988.5,582.5
1776297343.8710303,23.75919921875,0.004199218750001066,46.855602522426615,0.01184923336452215,1009.9974991108695,0.0020206063052796708,27.114552973093957,0.01686678101848571,238027.0,1110.0
1776297345.8872433,23.77482421875,0.003613281249998934,46.823511389360355,0.00882961072678512,1009.9963415090206,0.0005594346887392021,27.124215914566268,0.004669821685627795,238454.0,1028.0
1776297347.9088023,23.77619140625,0.00029296874999928946,46.76191925647561,0.0278219787874896,1009.9932620121639,0.0012902014387918825,27.149921723980274,0.010769846158336094,238707.5,429.5
1776297349.9703038,23.7848828125,0.003710937500001066,46.75987814331398,0.01897165711686455,1010.0029309274187,0.0033648350841417596,27.06921162599611,0.028087455350947366,236749.0,507.0
1776297351.9859445,23.8005078125,0.004101562499998934,46.82661064630267,0.015938171081867125,1010.0088312110056,0.0004677162879147545,27.01995997451178,0.0039041729798121594,234327.0,910.0
1776297354.017755,23.817890624999997,0.004492187500000355,46.896675007195725,0.022172506982805373,1010.0016938421556,0.0006647644715371825,27.079537978092798,0.005549027058926015,233581.5,164.5
1776297356.037473,23.829121093749997,0.0030273437500003553,46.990758471766924,0.028191458698941574,1009.9987079089266,0.0004918813942822453,27.104462661014068,0.004105919942727354,233501.0,575.0
1776297358.0712264,23.84220703125,0.004199218750001066,47.12534174459653,0.04382691991251164,1010.0040221594668,0.002904898499707542,27.060102724750475,0.024248182599933443,232200.0,1381.0
1776297360.0911314,23.86154296875,0.004785156249999645,47.31034316268133,0.04704418895116902,1009.9956322508366,0.0010736740360925978,27.130136376471533,0.00896238515496961,229386.0,793.0
1776297362.1203935,23.879609375,0.00390625,47.467483725090354,0.02217881274194866,1009.9895964626621,0.006028136368115611,27.180519745907674,0.050319500618661195,229224.5,158.5
1776297364.1335711,23.8946484375,0.0029296875,47.50962746819273,0.005844403245387043,1009.9821853914484,0.00231497729947705,27.24238329090899,0.01932424660730625,230899.5,80.5
1776297366.1766052,23.90646484375,0.002636718749998934,47.48006246467088,0.018281900733697398,1009.9836744069851,0.0010245308238836515,27.229953743698324,0.00855224915777164,231953.0,973.0
1776297368.2479024,23.9118359375,0.00019531249999893419,47.37533017722871,0.03720950865277217,1009.9870791194531,0.0003163746904419895,27.201533014735567,0.0026409237577045275,231625.0,162.0
1776297370.2709951,23.914765625,0.002148437499998934,47.227005208174035,0.030700803994690773,1009.9812334014478,0.003480089065590164,27.250330042208,0.029050025958246906,234408.5,662.5
1776297372.3019962,23.92599609375,0.0028320312499996447,47.09837454988122,0.02440817456761124,1009.9853027625411,0.0010568372548505067,27.216361089586425,0.008821914884027393,233584.0,822.0
1776297374.3260214,23.94015625,0.00390625,47.03203504692203,0.0004735048029154143,1009.9879386669809,0.0019140483987030166,27.19435799409662,0.015977423485230347,230828.0,1445.0
1776297376.3140252,23.95421875,0.0031250000000007105,47.0461120167842,0.0003789368723872144,1009.9921809337577,0.0037649005268463043,27.158945979278457,0.031427212374678604,230659.0,321.0
1776297378.381791,23.97013671875,0.004199218750001066,47.069696922149674,0.009790412401532222,1009.9826568182656,0.00202533120705084,27.238448057468265,0.016906422764495943,229621.5,397.5
1776297380.3967292,23.985468750000003,0.0033203124999996447,47.0808383570573,0.00040295761108666284,1009.9845400261859,0.0016837936319120672,27.222728014396765,0.014055421606302687,229465.5,872.5
1776297382.3880765,24.00021484375,0.003613281249998934,47.073346655620625,0.009720024003240013,1009.9828250561864,0.001438635567694746,27.237043687167432,0.012008987835407936,226800.5,1007.5
1776297384.451767,24.01544921875,0.0032226562499992895,47.171139169443045,0.043730577330300946,1010.0083823824239,0.005219636812341832,27.023706577044287,0.043569943708602565,223964.5,453.5
1776297386.4864235,24.031171875,0.00390625,47.33720193067292,0.04695562355544425,1010.0294340943069,0.005444071225099378,26.847982833576623,0.04544260114592724,221207.0,1106.0
1776297388.4979424,24.04826171875,0.004589843749998934,47.534613554711555,0.04399196927142057,1010.0571141429945,0.008316888296917568,26.616935390485423,0.06942096011192866,220690.0,881.0
1776297390.5208697,24.06681640625,0.00439453125,47.68585393611894,0.03158819653864242,1010.0898154249599,0.007117817607138477,26.343981724415855,0.0594107749959889,220028.0,73.0
1776297392.557586,24.084980468749997,0.004980468750000355,47.79678901722215,0.009932944751515294,1010.1254157668675,0.00541841927713449,26.04683808456702,0.045225000123577885,219012.0,217.0
1776297394.6000893,24.105488281249997,0.004980468750000355,47.84592219596922,0.013044274838872385,1010.1506869404087,0.008066968128218832,25.835913727262437,0.06732982919691644,217504.5,142.5
1776297396.6554916,24.126484374999997,0.005273437499999645,47.93555677263565,0.04418354874508168,1010.1793974417393,0.008541521056031343,25.596288298651345,0.07128897871694839,214758.5,69.5
1776297398.6474578,24.1471875,0.00390625,48.12790115396746,0.04717818206964708,1010.1961551271229,0.0019123161981156045,25.456426530979382,0.01596029989672232,214345.5,761.5
1776297400.6608741,24.1676953125,0.005664062500001066,48.25188573096861,0.019393441296848835,1010.2081808300661,0.004759204221670643,25.356059876581604,0.039720206614438425,214967.5,278.5
1776297402.730215,24.18986328125,0.005566406249998934,48.292020430576656,0.005541885806113811,1010.2220113127514,0.0019517710254035592,25.240631569808702,0.016289254546997256,214343.0,346.0
1776297404.7624533,24.2087109375,0.0048828125,48.241393462013654,0.03366276377856536,1010.2172175083931,0.0009218917872999555,25.2806401718048,0.007694031466218831,216159.5,633.5
1776297406.7755225,24.23283203125,0.006542968749998934,48.09490616923716,0.03343158647047062,1010.2165472839899,0.0008828735361703366,25.286233809677732,0.007368392377557598,216228.5,140.5
1776297408.7960703,24.2567578125,0.005468750000000355,47.96405795924025,0.0242097531513501,1010.2076103640062,0.0026234112345946414,25.360820921261627,0.021894938536867414,216018.5,492.5
1776297410.8692298,24.27814453125,0.00537109375,47.93248195631041,0.009992997029542039,1010.2060388438977,0.00013283825262533355,25.37393678246434,0.0011086668396007582,214342.5,69.5
1776297412.8841157,24.29923828125,0.005175781250001066,48.078226289928004,0.06600820422176668,1010.2013412719944,0.00044968265865463763,25.413142748931513,0.0037530614778216176,212360.5,1223.5
1776297414.9106326,24.32013671875,0.0051757812499992895,48.38925700328893,0.06924623549755538,1010.2007409742496,0.0013333605404000082,25.41815285374591,0.011128262102738873,209538.0,397.0
1776297416.9378018,24.3407421875,0.0048828125,48.647708111661686,0.05057638163757261,1010.2111459290866,0.0017245904130618328,25.331313193419447,0.014393356862123952,206862.5,838.5
1776297418.970173,24.3610546875,0.0048828125,48.822088926875615,0.022493869173139558,1010.2210751925978,4.218469257466495e-05,25.24844431020535,0.00035206881579874505,207636.0,65.0
1776297421.0005531,24.3841015625,0.005468749999998579,48.87500025528332,0.0038126802069555765,1010.2230653523249,0.0008603976773429167,25.23183467126136,0.007180773130196272,207507.0,454.0
1776297423.014922,24.406171875,0.004101562499998934,48.849625623825375,0.018246188740580038,1010.2314216869661,0.0031083199230010905,25.162093994091947,0.025941481810496825,207767.0,455.0
1776297425.0545757,24.427363281250003,0.005957031250000355,48.752252514610696,0.03050533976721681,1010.2542530054666,0.006995976377652369,24.971549770581582,0.05838609841873499,208879.0,526.0
1776297427.066256,24.449335937500003,0.005468750000000355,48.61130017304068,0.030544106646878788,1010.284532366639,0.009738674111929413,24.71885148505963,0.0812737716371057,209802.5,265.5
1776297429.0968587,24.468281249999997,0.004296874999999645,48.45759443994905,0.03690579266213234,1010.311676328099,0.00960791878821965,24.49232493882478,0.08018081325084658,209868.5,66.5
1776297431.1476903,24.48888671875,0.00537109375,48.31356939981548,0.02115575293195704,1010.354759646073,0.006930557977113949,24.132788463288612,0.05783547930270849,210534.5,66.5
1776297433.1780665,24.5106640625,0.004492187500000355,48.263282243126916,0.011909231719663183,1010.3873733900368,0.006390771781241256,23.860630429636505,0.05332957174293895,208879.5,657.5
1776297435.201605,24.53078125,0.0056640624999992895,48.231498529321925,0.002412748983871893,1010.4217162439606,0.0047545759055651615,23.574050820401517,0.03967478849502015,208092.5,391.5
1776297437.244797,24.554804687500003,0.006249999999999645,48.193973117686795,0.011687230736441734,1010.43676343729,0.004819580989817496,23.448489547326684,0.040216741629816255,207318.0,1166.0
1776297439.2586784,24.57833984375,0.005761718749999645,48.15950791204094,0.005515434115139328,1010.44748439317,0.0049120805560960434,23.359029478704795,0.04098824729070216,207896.5,195.5
1776297441.253293,24.59953125,0.004492187500000355,48.109184301146236,0.015015392546935402,1010.4614770812552,0.0037397019713694135,23.242269848219046,0.03120512962547828,206601.5,64.5
1776297443.276862,24.61720703125,0.00439453125,48.03353128494655,0.03681476790587723,1010.4706596316007,0.0017201464808067612,23.16564829931468,0.014353282523057231,207766.5,325.5
1776297445.3015935,24.63556640625,0.00439453125,47.85221362878078,0.0461094917370346,1010.4729957057838,0.0026975282816010804,23.146155612555177,0.0225087302114364,208292.5,980.5
1776297447.3489797,24.65431640625,0.00439453125,47.66179978375101,0.052275840335401114,1010.4688937205951,4.6290151374250854e-05,23.18038345168946,0.0003862558014144924,209214.5,1253.5
1776297449.3688333,24.67267578125,0.0051757812499992895,47.48394533924475,0.04592174239303404,1010.4615064464954,0.0022238552452904514,23.242024786139446,0.018556475916071236,208292.5,980.5
1776297451.3987968,24.69279296875,0.005957031250000355,47.31887978238578,0.03338117964230136,1010.4613817283862,7.58082173888397e-05,23.243065452787526,0.0006325652283525329,209207.0,198.0
1776297453.4159567,24.71486328125,0.00439453125,47.14800570802822,0.03354196007156318,1010.4564638984016,0.0026961827088030077,23.28410132362419,0.022497800507093046,209012.0,790.0
1776297455.480082,24.733515625,0.0050781250000007105,47.03259189516549,0.027245674315516055,1010.4574986242369,0.0006161171789358377,23.275467224827658,0.005141072168092009,208617.0,656.0
1776297457.4849155,24.752558593750003,0.004785156249999645,47.087560984683336,0.03155635270146817,1010.4680020627158,0.0033280811497888863,23.187823692371282,0.02777030401693814,205773.0,893.0
1776297459.5123682,24.771601562500003,0.004296874999999645,47.254124758959605,0.04702942935708521,1010.503250971459,0.014026938995527871,22.89370315316213,0.11704082343776712,205133.5,253.5
1776297461.5421548,24.78927734375,0.00341796875,47.343114225418084,0.009724910736927939,1010.5539633474655,0.01172055017485718,22.470567325472388,0.09779233403192045,206024.0,0.0
1776297463.6223733,24.808125,0.0048828125,47.342324800104876,0.00560463052772775,1010.6198324005986,0.015860400132737595,21.92099295372751,0.13232686782248493,207441.5,259.5
1776297465.596721,24.82638671875,0.0038085937499996447,47.344566453345266,0.012875552502514154,1010.6706129533478,0.010586030847662187,21.497327589681774,0.08831803128582649,206988.5,193.5
1776297467.6378443,24.8440625,0.00390625,47.31261595030867,0.01502841964850532,1010.7027680936794,0.0036730883426798755,21.229064097967733,0.030643361913657685,207247.5,323.5
1776297469.7135303,24.861640625,0.0056640624999992895,47.215549444706575,0.0272051739995689,1010.7232744171221,0.003867373738671631,21.057988029915546,0.03226369072043056,208683.0,722.0
1776297471.7441063,24.88322265625,0.00439453125,47.10662658825036,0.014952839545181007,1010.7591031350946,0.013303198655648885,20.759090620288397,0.11097918042725219,207766.0,65.0
1776297473.7647898,24.9005078125,0.00390625,47.05298206018247,0.0026197803677980858,1010.8162622898533,0.013396980821767102,20.2822631311789,0.11175642153090415,207768.5,715.5
1776297475.7776165,24.918476562499997,0.004296874999999645,47.036595504356214,0.0025718918237380706,1010.8683420917864,0.010493851314265612,19.847826889164857,0.08753512183583467,207962.5,521.5
1776297477.8052373,24.9356640625,0.0041015625000007105,47.03559913092488,0.006695342057401632,1010.9191583749528,0.01194595972094703,19.42394839720341,0.0996439197483987,206152.5,128.5
1776297479.830226,24.95001953125,0.003808593750001421,47.046645236641574,0.0035628991688980705,1010.9680421975969,0.010587808163336376,19.01620538783464,0.08831181636174357,205705.5,191.5
1776297481.8699577,24.96369140625,0.002832031250001421,47.06999967207851,0.0003463982780189667,1010.9990228103163,0.007238399268203466,18.757802297422387,0.06037324403830446,205833.0,319.0
1776297483.8966923,24.9778515625,0.0046874999999992895,47.053145716730455,0.0005732534446671878,1011.0219536405893,0.0031704333688367115,18.56654496658365,0.026443116110055342,205641.0,0.0
1776297485.9201024,24.99923828125,0.005175781250001066,46.996916111127604,0.008657355676731981,1011.0265269629008,0.0013439453620094355,18.52840104596845,0.011209184661110427,205073.0,824.0
1776297487.9079475,25.018671875000003,0.004296874999999645,46.97142257835614,0.0005249394053485901,1011.0305883256249,0.00011517919784864716,18.49452727397233,0.0009606496921517049,205006.5,253.5
1776297489.9784985,25.03625,0.0046874999999992895,46.96737764956893,0.0005727035714251372,1011.0307594936792,0.0040537357331800195,18.493099705329072,0.033810093524706986,203561.0,562.0
